Date,Time,Open,High,Low,Close,Volume
2024-01-02,14:30,4000.00,4000.50,3997.50,4000.00,1000
2024-01-02,14:35,4001.38,4005.25,3999.80,4003.06,1001
2024-01-02,14:40,4002.76,4006.90,4001.43,4004.58,1002
2024-01-02,14:45,4004.13,4005.20,4001.65,4004.42,1003
2024-01-02,14:50,4005.50,4007.51,4002.18,4003.98,1004
2024-01-02,14:55,4006.85,4009.27,4003.86,4004.93,1005
2024-01-02,15:00,4008.18,4009.24,4005.20,4007.62,1006
2024-01-02,15:05,4009.50,4012.63,4007.49,4010.82,1007
2024-01-02,15:10,4010.80,4015.26,4010.01,4012.78,1008
2024-01-02,15:15,4012.07,4014.22,4009.75,4012.90,1009
2024-01-02,15:20,4013.32,4014.91,4010.05,4012.23,1010
2024-01-02,15:25,4014.53,4017.03,4012.03,4012.53,1011
2024-01-02,15:30,4015.72,4017.29,4012.46,4014.65,1012
2024-01-02,15:35,4016.87,4019.05,4014.56,4017.71,1013
2024-01-02,15:40,4017.99,4022.45,4017.21,4019.97,1014
2024-01-02,15:45,4019.06,4022.17,4017.04,4020.36,1015
2024-01-02,15:50,4020.10,4021.18,4017.11,4019.52,1016
2024-01-02,15:55,4021.09,4023.52,4018.12,4019.17,1017
2024-01-02,16:00,4022.04,4024.04,4018.72,4020.54,1018
2024-01-02,16:05,4022.95,4024.05,4020.47,4023.25,1019
2024-01-02,16:10,4023.80,4027.95,4022.49,4025.63,1020
2024-01-02,16:15,4024.61,4028.46,4023.01,4026.28,1021
2024-01-02,16:20,4025.37,4025.89,4022.85,4025.35,1022
2024-01-02,16:25,4026.08,4028.27,4022.82,4024.38,1023
2024-01-02,16:30,4026.73,4029.04,4023.57,4024.92,1024
2024-01-02,16:35,4027.33,4028.10,4024.59,4027.07,1025
2024-01-02,16:40,4027.89,4031.44,4026.09,4029.41,1026
2024-01-02,16:45,4028.38,4032.71,4027.30,4030.30,1027
2024-01-02,16:50,4028.83,4030.41,4026.40,4029.37,1028
2024-01-02,16:55,4029.22,4031.05,4025.90,4027.90,1029
2024-01-02,17:00,4029.56,4032.04,4026.78,4027.59,1030
2024-01-02,17:05,4029.85,4031.16,4026.71,4029.04,1031
2024-01-02,17:10,4030.09,4032.79,4027.92,4031.19,1032
2024-01-02,17:15,4030.28,4034.78,4029.75,4032.28,1033
2024-01-02,17:20,4030.41,4033.03,4028.22,4031.47,1034
2024-01-02,17:25,4030.50,4031.86,4027.34,4029.65,1035
2024-01-02,17:30,4030.54,4033.03,4027.80,4028.56,1036
2024-01-02,17:35,4030.54,4032.33,4027.22,4029.25,1037
2024-01-02,17:40,4030.49,4032.18,4028.08,4031.09,1038
2024-01-02,17:45,4030.40,4034.76,4029.37,4032.33,1039
2024-01-02,17:50,4030.27,4033.75,4028.44,4031.76,1040
2024-01-02,17:55,4030.10,4030.92,4027.31,4029.79,1041
2024-01-02,18:00,4029.90,4032.23,4026.77,4028.07,1042
2024-01-02,18:05,4029.66,4031.83,4026.39,4028.00,1043
2024-01-02,18:10,4029.39,4029.96,4026.89,4029.43,1044
2024-01-02,18:15,4029.10,4033.00,4027.55,4030.80,1045
2024-01-02,18:20,4028.77,4032.88,4027.41,4030.58,1046
2024-01-02,18:25,4028.42,4029.42,4025.94,4028.67,1047
2024-01-02,18:30,4028.06,4030.09,4024.74,4026.52,1048
2024-01-02,18:35,4027.67,4030.08,4024.66,4025.76,1049
2024-01-02,18:40,4027.27,4028.29,4024.31,4026.74,1050
2024-01-02,18:45,4026.86,4030.04,4024.87,4028.20,1051
2024-01-02,18:50,4026.43,4030.88,4025.61,4028.41,1052
2024-01-02,18:55,4026.01,4028.09,4023.67,4026.80,1053
2024-01-02,19:00,4025.57,4027.19,4022.30,4024.46,1054
2024-01-02,19:05,4025.14,4027.64,4022.60,4023.14,1055
2024-01-02,19:10,4024.72,4026.26,4021.47,4023.67,1056
2024-01-02,19:15,4024.29,4026.54,4021.99,4025.17,1057
2024-01-02,19:20,4023.88,4028.35,4023.14,4025.87,1058
2024-01-02,19:25,4023.48,4026.53,4021.44,4024.75,1059
2024-01-02,19:30,4023.09,4024.20,4020.08,4022.48,1060
2024-01-02,19:35,4022.72,4025.16,4019.78,4020.79,1061
2024-01-02,19:40,4022.38,4024.35,4019.05,4020.90,1062
2024-01-02,19:45,4022.05,4023.22,4019.58,4022.39,1063
2024-01-02,19:50,4021.75,4025.93,4020.47,4023.59,1064
2024-01-02,19:55,4021.48,4025.29,4019.85,4023.13,1065
2024-01-02,20:00,4021.24,4021.79,4018.69,4021.19,1066
2024-01-02,20:05,4021.03,4023.24,4017.78,4019.32,1067
2024-01-02,20:10,4020.86,4023.15,4017.68,4019.06,1068
2024-01-02,20:15,4020.72,4021.45,4018.00,4020.49,1069
2024-01-02,20:20,4020.62,4024.22,4018.86,4022.17,1070
2024-01-02,20:25,4020.57,4024.87,4019.45,4022.47,1071
2024-01-02,20:30,4020.55,4022.07,4018.12,4021.06,1072
2024-01-02,20:35,4020.58,4022.44,4017.26,4019.23,1073
2024-01-02,20:40,4020.66,4023.13,4017.84,4018.69,1074
2024-01-02,20:45,4020.78,4022.05,4017.66,4020.00,1075
2024-01-02,20:50,4020.95,4023.71,4018.80,4022.08,1076
2024-01-02,20:55,4021.16,4025.66,4020.60,4023.16,1077
2024-01-02,21:00,4021.43,4023.98,4019.21,4022.45,1078
2024-01-02,21:05,4021.74,4023.13,4018.56,4020.85,1079
2024-01-02,21:10,4022.10,4024.59,4019.39,4020.11,1080
2024-01-02,21:15,4022.51,4024.27,4019.20,4021.25,1081
2024-01-02,21:20,4022.98,4024.73,4020.58,4023.60,1082
2024-01-02,21:25,4023.49,4027.86,4022.49,4025.42,1083
2024-01-02,21:30,4024.04,4027.48,4022.18,4025.51,1084
2024-01-02,21:35,4024.65,4025.50,4021.83,4024.30,1085
2024-01-02,21:40,4025.30,4027.65,4022.19,4023.46,1086
2024-01-02,21:45,4026.00,4028.15,4022.72,4024.36,1087
2024-01-02,21:50,4026.75,4027.39,4024.25,4026.82,1088
2024-01-02,21:55,4027.54,4031.48,4026.02,4029.26,1089
2024-01-02,22:00,4028.37,4032.44,4026.97,4030.15,1090
2024-01-02,22:05,4029.24,4030.16,4026.75,4029.45,1091
2024-01-02,22:10,4030.15,4032.20,4026.83,4028.59,1092
2024-01-02,22:15,4031.09,4033.49,4028.06,4029.20,1093
2024-01-02,22:20,4032.07,4033.06,4029.14,4031.58,1094
2024-01-02,22:25,4033.09,4036.32,4031.13,4034.45,1095
2024-01-02,22:30,4034.13,4038.56,4033.27,4036.10,1096
2024-01-02,22:35,4035.20,4037.22,4032.85,4035.96,1097
2024-01-02,22:40,4036.30,4037.95,4033.01,4035.15,1098
2024-01-02,22:45,4037.42,4039.92,4034.84,4035.42,1099
2024-01-02,22:50,4038.56,4040.07,4035.32,4037.55,1100
2024-01-02,22:55,4039.71,4042.02,4037.43,4040.62,1101
2024-01-02,23:00,4040.89,4045.36,4040.18,4042.88,1102
2024-01-02,23:05,4042.07,4045.06,4040.00,4043.31,1103
2024-01-02,23:10,4043.26,4044.40,4040.22,4042.62,1104
2024-01-02,23:15,4044.45,4046.90,4041.53,4042.51,1105
2024-01-02,23:20,4045.65,4047.61,4042.33,4044.20,1106
2024-01-02,23:25,4046.85,4048.09,4044.39,4047.22,1107
2024-01-02,23:30,4048.05,4052.25,4046.79,4049.90,1108
2024-01-02,23:35,4049.23,4053.00,4047.58,4050.87,1109
2024-01-02,23:40,4050.41,4051.00,4047.82,4050.32,1110
2024-01-02,23:45,4051.57,4053.80,4048.34,4049.84,1111
2024-01-02,23:50,4052.72,4055.00,4049.53,4050.94,1112
2024-01-02,23:55,4053.85,4054.55,4051.17,4053.66,1113
2024-01-03,00:00,4054.96,4058.60,4053.22,4056.53,1114
2024-01-03,00:05,4056.04,4060.32,4054.89,4057.93,1115
2024-01-03,00:10,4057.10,4058.54,4054.65,4057.57,1116
2024-01-03,00:15,4058.12,4060.00,4054.79,4056.74,1117
2024-01-03,00:20,4059.11,4061.58,4056.27,4057.15,1118
2024-01-03,00:25,4060.07,4061.31,4056.97,4059.33,1119
2024-01-03,00:30,4060.99,4063.81,4058.86,4062.15,1120
2024-01-03,00:35,4061.87,4066.37,4061.27,4063.87,1121
2024-01-03,00:40,4062.71,4065.20,4060.48,4063.71,1122
2024-01-03,00:45,4063.50,4064.92,4060.31,4062.58,1123
2024-01-03,00:50,4064.25,4066.74,4061.57,4062.26,1124
2024-01-03,00:55,4064.95,4066.68,4061.64,4063.72,1125
2024-01-03,01:00,4065.60,4067.42,4063.21,4066.26,1126
2024-01-03,01:05,4066.20,4070.59,4065.24,4068.15,1127
2024-01-03,01:10,4066.75,4070.14,4064.87,4068.19,1128
2024-01-03,01:15,4067.25,4068.14,4064.40,4066.86,1129
2024-01-03,01:20,4067.69,4070.05,4064.60,4065.83,1130
2024-01-03,01:25,4068.08,4070.20,4064.79,4066.46,1131
2024-01-03,01:30,4068.41,4069.13,4065.92,4068.52,1132
2024-01-03,01:35,4068.69,4072.67,4067.20,4070.43,1133
2024-01-03,01:40,4068.91,4072.96,4067.48,4070.68,1134
2024-01-03,01:45,4069.08,4069.93,4066.59,4069.26,1135
2024-01-03,01:50,4069.19,4071.27,4065.88,4067.61,1136
2024-01-03,01:55,4069.25,4071.63,4066.19,4067.36,1137
2024-01-03,02:00,4069.25,4070.20,4066.34,4068.79,1138
2024-01-03,02:05,4069.19,4072.48,4067.26,4070.59,1139
2024-01-03,02:10,4069.09,4073.51,4068.19,4071.05,1140
2024-01-03,02:15,4068.93,4070.88,4066.57,4069.66,1141
2024-01-03,02:20,4068.72,4070.40,4065.43,4067.55,1142
2024-01-03,02:25,4068.47,4070.96,4065.85,4066.47,1143
2024-01-03,02:30,4068.16,4069.64,4064.94,4067.18,1144
2024-01-03,02:35,4067.81,4070.18,4065.54,4068.74,1145
2024-01-03,02:40,4067.41,4071.90,4066.74,4069.40,1146
2024-01-03,02:45,4066.97,4069.91,4064.89,4068.19,1147
2024-01-03,02:50,4066.49,4067.67,4063.44,4065.82,1148
2024-01-03,02:55,4065.98,4068.43,4063.08,4064.03,1149
2024-01-03,03:00,4065.42,4067.35,4062.10,4063.99,1150
2024-01-03,03:05,4064.84,4066.15,4062.38,4065.24,1151
2024-01-03,03:10,4064.22,4068.45,4063.00,4066.09,1152
2024-01-03,03:15,4063.58,4067.30,4061.89,4065.19,1153
2024-01-03,03:20,4062.91,4063.53,4060.29,4062.78,1154
2024-01-03,03:25,4062.21,4064.46,4058.99,4060.47,1155
2024-01-03,03:30,4061.50,4063.76,4058.29,4059.74,1156
2024-01-03,03:35,4060.77,4061.43,4058.12,4060.61,1157
2024-01-03,03:40,4060.03,4063.71,4058.32,4061.62,1158
2024-01-03,03:45,4059.27,4063.53,4058.09,4061.15,1159
2024-01-03,03:50,4058.51,4059.89,4056.06,4058.95,1160
2024-01-03,03:55,4057.74,4059.65,4054.42,4056.34,1161
2024-01-03,04:00,4056.98,4059.43,4054.11,4055.02,1162
2024-01-03,04:05,4056.21,4057.42,4053.13,4055.50,1163
2024-01-03,04:10,4055.45,4058.33,4053.34,4056.64,1164
2024-01-03,04:15,4054.69,4059.18,4054.06,4056.69,1165
2024-01-03,04:20,4053.95,4056.38,4051.70,4054.91,1166
2024-01-03,04:25,4053.22,4054.67,4050.01,4052.26,1167
2024-01-03,04:30,4052.50,4054.99,4049.86,4050.51,1168
2024-01-03,04:35,4051.80,4053.51,4048.50,4050.60,1169
2024-01-03,04:40,4051.13,4053.02,4048.75,4051.82,1170
2024-01-03,04:45,4050.48,4054.88,4049.55,4052.43,1171
2024-01-03,04:50,4049.85,4053.19,4047.94,4051.27,1172
2024-01-03,04:55,4049.26,4050.18,4046.38,4048.84,1173
2024-01-03,05:00,4048.69,4051.07,4045.62,4046.82,1174
2024-01-03,05:05,4048.16,4050.26,4044.86,4046.56,1175
2024-01-03,05:10,4047.67,4048.45,4045.17,4047.81,1176
2024-01-03,05:15,4047.21,4051.22,4045.75,4048.96,1177
2024-01-03,05:20,4046.79,4050.80,4045.33,4048.55,1178
2024-01-03,05:25,4046.41,4047.20,4043.92,4046.55,1179
2024-01-03,05:30,4046.08,4048.18,4042.78,4044.47,1180
2024-01-03,05:35,4045.78,4048.16,4042.71,4043.91,1181
2024-01-03,05:40,4045.54,4046.46,4042.66,4045.12,1182
2024-01-03,05:45,4045.34,4048.67,4043.42,4046.75,1183
2024-01-03,05:50,4045.18,4049.59,4044.25,4047.13,1184
2024-01-03,05:55,4045.07,4046.96,4042.69,4045.76,1185
2024-01-03,06:00,4045.01,4046.71,4041.71,4043.81,1186
2024-01-03,06:05,4045.00,4047.49,4042.35,4043.00,1187
2024-01-03,06:10,4045.03,4046.48,4041.82,4044.08,1188
2024-01-03,06:15,4045.11,4047.54,4042.86,4046.08,1189
2024-01-03,06:20,4045.24,4049.73,4044.61,4047.24,1190
2024-01-03,06:25,4045.42,4048.30,4043.31,4046.61,1191
2024-01-03,06:30,4045.64,4046.85,4042.56,4044.93,1192
2024-01-03,06:35,4045.91,4048.36,4043.04,4043.95,1193
2024-01-03,06:40,4046.22,4048.12,4042.89,4044.81,1194
2024-01-03,06:45,4046.57,4047.95,4044.12,4047.01,1195
2024-01-03,06:50,4046.97,4051.23,4045.78,4048.85,1196
2024-01-03,06:55,4047.41,4051.09,4045.70,4049.00,1197
2024-01-03,07:00,4047.88,4048.54,4045.23,4047.72,1198
2024-01-03,07:05,4048.40,4050.66,4045.19,4046.63,1199
2024-01-03,07:10,4048.95,4051.19,4045.73,4047.20,1200
2024-01-03,07:15,4049.53,4050.15,4046.91,4049.41,1201
2024-01-03,07:20,4050.14,4053.87,4048.46,4051.75,1202
2024-01-03,07:25,4050.78,4055.02,4049.57,4052.65,1203
2024-01-03,07:30,4051.45,4052.76,4048.99,4051.86,1204
2024-01-03,07:35,4052.14,4054.07,4048.81,4050.71,1205
2024-01-03,07:40,4052.86,4055.30,4049.96,4050.91,1206
2024-01-03,07:45,4053.59,4054.76,4050.53,4052.91,1207
2024-01-03,07:50,4054.33,4057.27,4052.25,4055.55,1208
2024-01-03,07:55,4055.09,4059.58,4054.42,4057.09,1209
2024-01-03,08:00,4055.86,4058.23,4053.59,4056.80,1210
2024-01-03,08:05,4056.64,4058.12,4053.41,4055.66,1211
2024-01-03,08:10,4057.42,4059.91,4054.81,4055.42,1212
2024-01-03,08:15,4058.20,4059.87,4054.91,4057.02,1213
2024-01-03,08:20,4058.98,4060.93,4056.61,4059.70,1214
2024-01-03,08:25,4059.75,4064.17,4058.86,4061.71,1215
2024-01-03,08:30,4060.52,4063.80,4058.58,4061.91,1216
2024-01-03,08:35,4061.27,4062.23,4058.37,4060.81,1217
2024-01-03,08:40,4062.01,4064.40,4058.96,4060.13,1218
2024-01-03,08:45,4062.73,4064.81,4059.43,4061.15,1219
2024-01-03,08:50,4063.44,4064.29,4060.94,4063.61,1220
2024-01-03,08:55,4064.11,4068.16,4062.69,4065.89,1221
2024-01-03,09:00,4064.77,4068.74,4063.28,4066.51,1222
2024-01-03,09:05,4065.39,4066.11,4062.90,4065.50,1223
2024-01-03,09:10,4065.99,4068.11,4062.70,4064.36,1224
2024-01-03,09:15,4066.55,4068.91,4063.45,4064.69,1225
2024-01-03,09:20,4067.07,4067.96,4064.22,4066.68,1226
2024-01-03,09:25,4067.56,4070.94,4065.67,4069.00,1227
2024-01-03,09:30,4068.00,4072.39,4067.04,4069.95,1228
2024-01-03,09:35,4068.40,4070.22,4066.02,4069.06,1229
2024-01-03,09:40,4068.76,4070.49,4065.45,4067.53,1230
2024-01-03,09:45,4069.07,4071.56,4066.39,4067.08,1231
2024-01-03,09:50,4069.33,4070.75,4066.14,4068.41,1232
2024-01-03,09:55,4069.55,4072.04,4067.31,4070.54,1233
2024-01-03,10:00,4069.71,4074.20,4069.11,4071.71,1234
2024-01-03,10:05,4069.82,4072.64,4067.69,4070.98,1235
2024-01-03,10:10,4069.88,4071.12,4066.78,4069.13,1236
2024-01-03,10:15,4069.88,4072.34,4067.04,4067.91,1237
2024-01-03,10:20,4069.83,4071.70,4066.50,4068.45,1238
2024-01-03,10:25,4069.72,4071.16,4067.27,4070.19,1239
2024-01-03,10:30,4069.55,4073.84,4068.40,4071.45,1240
2024-01-03,10:35,4069.34,4072.98,4067.60,4070.91,1241
2024-01-03,10:40,4069.06,4069.76,4066.38,4068.87,1242
2024-01-03,10:45,4068.73,4071.01,4065.54,4066.95,1243
2024-01-03,10:50,4068.35,4070.58,4065.11,4066.62,1244
2024-01-03,10:55,4067.91,4068.50,4065.32,4067.82,1245
2024-01-03,11:00,4067.42,4071.18,4065.76,4069.05,1246
2024-01-03,11:05,4066.87,4071.08,4065.62,4068.72,1247
2024-01-03,11:10,4066.27,4067.51,4063.81,4066.64,1248
2024-01-03,11:15,4065.63,4067.58,4062.30,4064.17,1249
2024-01-03,11:20,4064.93,4067.37,4062.01,4062.99,1250
2024-01-03,11:25,4064.19,4065.33,4061.15,4063.54,1251
2024-01-03,11:30,4063.40,4066.39,4061.33,4064.64,1252
2024-01-03,11:35,4062.56,4067.04,4061.86,4064.55,1253
2024-01-03,11:40,4061.69,4064.00,4059.40,4062.59,1254
2024-01-03,11:45,4060.77,4062.29,4057.54,4059.76,1255
2024-01-03,11:50,4059.82,4062.32,4057.24,4057.82,1256
2024-01-03,11:55,4058.84,4060.48,4055.55,4057.69,1257
2024-01-03,12:00,4057.82,4059.83,4055.47,4058.58,1258
2024-01-03,12:05,4056.77,4061.20,4055.91,4058.73,1259
2024-01-03,12:10,4055.69,4058.92,4053.73,4057.06,1260
2024-01-03,12:15,4054.59,4055.58,4051.66,4054.10,1261
2024-01-03,12:20,4053.47,4055.87,4050.44,4051.57,1262
2024-01-03,12:25,4052.33,4054.39,4049.02,4050.77,1263
2024-01-03,12:30,4051.17,4052.10,4048.69,4051.39,1264
2024-01-03,12:35,4050.01,4054.08,4048.61,4051.79,1265
2024-01-03,12:40,4048.83,4052.77,4047.31,4050.55,1266
2024-01-03,12:45,4047.64,4048.28,4045.14,4047.71,1267
2024-01-03,12:50,4046.46,4048.60,4043.17,4044.81,1268
2024-01-03,12:55,4045.27,4047.61,4042.15,4043.42,1269
2024-01-03,13:00,4044.08,4044.93,4041.26,4043.73,1270
2024-01-03,13:05,4042.90,4046.33,4041.04,4044.37,1271
2024-01-03,13:10,4041.73,4046.10,4040.73,4043.67,1272
2024-01-03,13:15,4040.57,4042.32,4038.17,4041.20,1273
2024-01-03,13:20,4039.43,4041.19,4036.11,4038.17,1274
2024-01-03,13:25,4038.30,4040.79,4035.59,4036.31,1275
2024-01-03,13:30,4037.19,4038.58,4034.01,4036.31,1276
2024-01-03,13:35,4036.11,4038.67,4033.89,4037.14,1277
2024-01-03,13:40,4035.05,4039.55,4034.49,4037.05,1278
2024-01-03,13:45,4034.02,4036.79,4031.87,4035.15,1279
2024-01-03,13:50,4033.02,4034.30,4029.90,4032.25,1280
2024-01-03,13:55,4032.06,4034.53,4029.24,4030.09,1281
2024-01-03,14:00,4031.12,4032.98,4027.80,4029.77,1282
2024-01-03,14:05,4030.23,4031.75,4027.80,4030.74,1283
2024-01-03,14:10,4029.37,4033.68,4028.26,4031.28,1284
2024-01-03,14:15,4028.56,4032.16,4026.79,4030.11,1285
2024-01-03,14:20,4027.79,4028.52,4025.07,4027.56,1286
2024-01-03,14:25,4027.06,4029.35,4023.88,4025.26,1287
2024-01-03,14:30,4026.37,4028.59,4023.13,4024.66,1288
2024-01-03,14:35,4025.74,4026.29,4023.18,4025.68,1289
2024-01-03,14:40,4025.15,4028.95,4023.52,4026.80,1290
2024-01-03,14:45,4024.60,4028.78,4023.32,4026.44,1291
2024-01-03,14:50,4024.11,4025.28,4021.64,4024.44,1292
2024-01-03,14:55,4023.66,4025.64,4020.34,4022.19,1293
2024-01-03,15:00,4023.27,4025.70,4020.32,4021.34,1294
2024-01-03,15:05,4022.92,4024.03,4019.91,4022.31,1295
2024-01-03,15:10,4022.62,4025.67,4020.58,4023.90,1296
2024-01-03,15:15,4022.37,4026.85,4021.64,4024.36,1297
2024-01-03,15:20,4022.17,4024.42,4019.87,4023.05,1298
2024-01-03,15:25,4022.02,4023.56,4018.77,4020.98,1299
2024-01-03,15:30,4021.91,4024.41,4019.37,4019.91,1300
2024-01-03,15:35,4021.85,4023.47,4018.58,4020.74,1301
2024-01-03,15:40,4021.84,4023.92,4019.50,4022.63,1302
2024-01-03,15:45,4021.87,4026.31,4021.04,4023.84,1303
2024-01-03,15:50,4021.94,4025.12,4019.95,4023.28,1304
2024-01-03,15:55,4022.05,4023.07,4019.09,4021.52,1305
2024-01-03,16:00,4022.20,4024.60,4019.19,4020.29,1306
2024-01-03,16:05,4022.38,4024.42,4019.07,4020.85,1307
2024-01-03,16:10,4022.60,4023.60,4020.12,4022.85,1308
2024-01-03,16:15,4022.85,4026.96,4021.49,4024.66,1309
2024-01-03,16:20,4023.14,4027.04,4021.59,4024.84,1310
2024-01-03,16:25,4023.45,4024.02,4020.95,4023.48,1311
2024-01-03,16:30,4023.78,4025.95,4020.51,4022.12,1312
2024-01-03,16:35,4024.14,4026.47,4021.01,4022.31,1313
2024-01-03,16:40,4024.52,4025.34,4021.73,4024.20,1314
2024-01-03,16:45,4024.91,4028.40,4023.08,4026.40,1315
2024-01-03,16:50,4025.32,4029.68,4024.29,4027.25,1316
2024-01-03,16:55,4025.74,4027.43,4023.33,4026.34,1317
2024-01-03,17:00,4026.17,4027.96,4022.86,4024.89,1318
2024-01-03,17:05,4026.61,4029.09,4023.87,4024.63,1319
2024-01-03,17:10,4027.05,4028.40,4023.88,4026.19,1320
2024-01-03,17:15,4027.48,4030.10,4025.29,4028.54,1321
2024-01-03,17:20,4027.92,4032.42,4027.39,4029.92,1322
2024-01-03,17:25,4028.34,4031.05,4026.17,4029.44,1323
2024-01-03,17:30,4028.76,4030.07,4025.62,4027.95,1324
2024-01-03,17:35,4029.16,4031.64,4026.38,4027.19,1325
2024-01-03,17:40,4029.55,4031.38,4026.23,4028.22,1326
2024-01-03,17:45,4029.92,4031.51,4027.50,4030.46,1327
2024-01-03,17:50,4030.27,4034.60,4029.19,4032.18,1328
2024-01-03,17:55,4030.60,4034.15,4028.80,4032.12,1329
2024-01-03,18:00,4030.90,4031.66,4028.15,4030.63,1330
2024-01-03,18:05,4031.16,4033.48,4028.01,4029.35,1331
2024-01-03,18:10,4031.40,4033.59,4028.14,4029.71,1332
2024-01-03,18:15,4031.61,4032.12,4029.09,4031.59,1333
2024-01-03,18:20,4031.77,4035.62,4030.18,4033.45,1334
2024-01-03,18:25,4031.90,4036.05,4030.59,4033.73,1335
2024-01-03,18:30,4031.99,4033.09,4029.51,4032.29,1336
2024-01-03,18:35,4032.03,4034.04,4028.71,4030.53,1337
2024-01-03,18:40,4032.04,4034.46,4029.06,4030.11,1338
2024-01-03,18:45,4031.99,4033.07,4029.00,4031.41,1339
2024-01-03,18:50,4031.90,4035.00,4029.88,4033.20,1340
2024-01-03,18:55,4031.76,4036.22,4030.98,4033.74,1341
2024-01-03,19:00,4031.57,4033.75,4029.25,4032.41,1342
2024-01-03,19:05,4031.33,4032.90,4028.06,4030.25,1343
2024-01-03,19:10,4031.03,4033.53,4028.52,4029.03,1344
2024-01-03,19:15,4030.69,4032.28,4027.42,4029.60,1345
2024-01-03,19:20,4030.29,4032.44,4027.97,4031.11,1346
2024-01-03,19:25,4029.84,4034.30,4029.05,4031.82,1347
2024-01-03,19:30,4029.34,4032.46,4027.33,4030.65,1348
2024-01-03,19:35,4028.78,4029.84,4025.80,4028.22,1349
2024-01-03,19:40,4028.17,4030.59,4025.19,4026.25,1350
2024-01-03,19:45,4027.51,4029.52,4024.19,4026.00,1351
2024-01-03,19:50,4026.80,4027.86,4024.32,4027.08,1352
2024-01-03,19:55,4026.04,4030.17,4024.70,4027.85,1353
2024-01-03,20:00,4025.22,4029.09,4023.64,4026.91,1354
2024-01-03,20:05,4024.36,4024.86,4021.86,4024.36,1355
2024-01-03,20:10,4023.45,4025.64,4020.19,4021.77,1356
2024-01-03,20:15,4022.50,4024.82,4019.35,4020.68,1357
2024-01-03,20:20,4021.50,4022.28,4018.74,4021.22,1358
2024-01-03,20:25,4020.46,4023.99,4018.65,4021.97,1359
2024-01-03,20:30,4019.38,4023.72,4018.31,4021.30,1360
2024-01-03,20:35,4018.26,4019.88,4015.84,4018.82,1361
2024-01-03,20:40,4017.11,4018.92,4013.78,4015.79,1362
2024-01-03,20:45,4015.92,4018.39,4013.15,4013.94,1363
2024-01-03,20:50,4014.70,4016.02,4011.55,4013.87,1364
2024-01-03,20:55,4013.45,4016.12,4011.27,4014.53,1365
2024-01-03,21:00,4012.17,4016.67,4011.66,4014.17,1366
2024-01-03,21:05,4010.87,4013.52,4008.68,4011.94,1367
2024-01-03,21:10,4009.55,4010.89,4006.40,4008.71,1368
2024-01-03,21:15,4008.21,4010.70,4005.46,4006.23,1369
2024-01-03,21:20,4006.86,4008.66,4003.54,4005.56,1370
2024-01-03,21:25,4005.50,4007.15,4003.08,4006.07,1371
2024-01-03,21:30,4004.12,4008.47,4003.07,4006.05,1372
2024-01-03,21:35,4002.74,4006.25,4000.92,4004.25,1373
2024-01-03,21:40,4001.36,4002.16,3998.59,4001.06,1374
2024-01-03,21:45,3999.98,4002.31,3996.84,3998.16,1375
2024-01-03,21:50,3998.60,4000.78,3995.33,3996.93,1376
2024-01-03,21:55,3997.23,3997.77,3994.73,3997.25,1377
2024-01-03,22:00,3995.87,3999.75,3994.30,3997.56,1378
2024-01-03,22:05,3994.52,3998.64,3993.17,3996.33,1379
2024-01-03,22:10,3993.19,3994.22,3990.70,3993.45,1380
2024-01-03,22:15,3991.87,3993.90,3988.55,3990.35,1381
2024-01-03,22:20,3990.58,3992.99,3987.58,3988.66,1382
2024-01-03,22:25,3989.31,3990.35,3986.34,3988.77,1383
2024-01-03,22:30,3988.06,3991.22,3986.07,3989.39,1384
2024-01-03,22:35,3986.85,3991.30,3986.04,3988.83,1385
2024-01-03,22:40,3985.67,3987.78,3983.34,3986.48,1386
2024-01-03,22:45,3984.52,3986.12,3981.25,3983.42,1387
2024-01-03,22:50,3983.41,3985.91,3980.88,3981.41,1388
2024-01-03,22:55,3982.34,3983.90,3979.08,3981.28,1389
2024-01-03,23:00,3981.31,3983.52,3979.00,3982.16,1390
2024-01-03,23:05,3980.32,3984.79,3979.56,3982.30,1391
2024-01-03,23:10,3979.37,3982.45,3977.34,3980.66,1392
2024-01-03,23:15,3978.48,3979.57,3975.47,3977.88,1393
2024-01-03,23:20,3977.62,3980.05,3974.66,3975.70,1394
2024-01-03,23:25,3976.82,3978.81,3973.50,3975.33,1395
2024-01-03,23:30,3976.07,3977.20,3973.60,3976.39,1396
2024-01-03,23:35,3975.37,3979.53,3974.07,3977.20,1397
2024-01-03,23:40,3974.72,3978.55,3973.11,3976.38,1398
2024-01-03,23:45,3974.12,3974.66,3971.58,3974.08,1399
2024-01-03,23:50,3973.57,3975.78,3970.32,3971.87,1400
2024-01-03,23:55,3973.08,3975.38,3969.91,3971.28,1401
2024-01-04,00:00,3972.64,3973.39,3969.91,3972.39,1402
2024-01-04,00:05,3972.25,3975.83,3970.47,3973.79,1403
2024-01-04,00:10,3971.92,3976.23,3970.82,3973.82,1404
2024-01-04,00:15,3971.63,3973.18,3969.20,3972.16,1405
2024-01-04,00:20,3971.40,3973.24,3968.08,3970.06,1406
2024-01-04,00:25,3971.22,3973.69,3968.42,3969.24,1407
2024-01-04,00:30,3971.08,3972.38,3967.96,3970.29,1408
2024-01-04,00:35,3971.00,3973.73,3968.84,3972.12,1409
2024-01-04,00:40,3970.96,3975.46,3970.42,3972.96,1410
2024-01-04,00:45,3970.97,3973.55,3968.76,3972.01,1411
2024-01-04,00:50,3971.02,3972.39,3967.84,3970.14,1412
2024-01-04,00:55,3971.11,3973.59,3968.38,3969.12,1413
2024-01-04,01:00,3971.24,3973.01,3967.92,3969.97,1414
2024-01-04,01:05,3971.41,3973.13,3969.01,3972.02,1415
2024-01-04,01:10,3971.62,3975.98,3970.60,3973.55,1416
2024-01-04,01:15,3971.85,3975.31,3970.01,3973.33,1417
2024-01-04,01:20,3972.12,3972.96,3969.32,3971.79,1418
2024-01-04,01:25,3972.42,3974.76,3969.30,3970.58,1419
2024-01-04,01:30,3972.74,3974.90,3969.46,3971.09,1420
2024-01-04,01:35,3973.09,3973.70,3970.59,3973.14,1421
2024-01-04,01:40,3973.45,3977.38,3971.92,3975.17,1422
2024-01-04,01:45,3973.84,3977.93,3972.46,3975.63,1423
2024-01-04,01:50,3974.24,3975.20,3971.75,3974.47,1424
2024-01-04,01:55,3974.65,3976.69,3971.33,3973.10,1425
2024-01-04,02:00,3975.06,3977.47,3972.04,3973.16,1426
2024-01-04,02:05,3975.49,3976.49,3972.54,3974.98,1427
2024-01-04,02:10,3975.91,3979.12,3973.94,3977.27,1428
2024-01-04,02:15,3976.34,3980.78,3975.49,3978.31,1429
2024-01-04,02:20,3976.76,3978.81,3974.42,3977.53,1430
2024-01-04,02:25,3977.17,3978.81,3973.89,3976.04,1431
2024-01-04,02:30,3977.58,3980.08,3975.02,3975.58,1432
2024-01-04,02:35,3977.97,3979.50,3974.73,3976.95,1433
2024-01-04,02:40,3978.35,3980.63,3976.06,3979.24,1434
2024-01-04,02:45,3978.71,3983.19,3977.99,3980.70,1435
2024-01-04,02:50,3979.05,3982.07,3977.00,3980.31,1436
2024-01-04,02:55,3979.36,3980.49,3976.34,3978.74,1437
2024-01-04,03:00,3979.65,3982.09,3976.72,3977.72,1438
2024-01-04,03:05,3979.91,3981.88,3976.59,3978.45,1439
2024-01-04,03:10,3980.14,3981.35,3977.67,3980.50,1440
2024-01-04,03:15,3980.34,3984.53,3979.07,3982.19,1441
2024-01-04,03:20,3980.50,3984.29,3978.86,3982.14,1442
2024-01-04,03:25,3980.62,3981.19,3978.05,3980.55,1443
2024-01-04,03:30,3980.71,3982.93,3977.47,3978.99,1444
2024-01-04,03:35,3980.75,3983.04,3977.57,3978.96,1445
2024-01-04,03:40,3980.75,3981.46,3978.05,3980.54,1446
2024-01-04,03:45,3980.71,3984.33,3978.96,3982.27,1447
2024-01-04,03:50,3980.62,3984.91,3979.48,3982.52,1448
2024-01-04,03:55,3980.48,3981.96,3978.04,3980.97,1449
2024-01-04,04:00,3980.30,3982.17,3976.97,3978.93,1450
2024-01-04,04:05,3980.07,3982.54,3977.24,3978.10,1451
2024-01-04,04:10,3979.79,3981.05,3976.68,3979.03,1452
2024-01-04,04:15,3979.46,3982.26,3977.32,3980.61,1453
2024-01-04,04:20,3979.08,3983.58,3978.50,3981.08,1454
2024-01-04,04:25,3978.66,3981.18,3976.43,3979.67,1455
2024-01-04,04:30,3978.18,3979.58,3974.99,3977.28,1456
2024-01-04,04:35,3977.66,3980.14,3974.96,3975.67,1457
2024-01-04,04:40,3977.08,3978.83,3973.77,3975.84,1458
2024-01-04,04:45,3976.46,3978.25,3974.07,3977.10,1459
2024-01-04,04:50,3975.79,3980.17,3974.81,3977.73,1460
2024-01-04,04:55,3975.08,3978.48,3973.20,3976.53,1461
2024-01-04,05:00,3974.32,3975.19,3971.48,3973.95,1462
2024-01-04,05:05,3973.51,3975.87,3970.41,3971.66,1463
2024-01-04,05:10,3972.67,3974.80,3969.38,3971.03,1464
2024-01-04,05:15,3971.78,3972.46,3969.28,3971.87,1465
2024-01-04,05:20,3970.86,3974.82,3969.35,3972.59,1466
2024-01-04,05:25,3969.90,3973.96,3968.49,3971.68,1467
2024-01-04,05:30,3968.90,3969.79,3966.41,3969.10,1468
2024-01-04,05:35,3967.88,3969.95,3964.57,3966.31,1469
2024-01-04,05:40,3966.82,3969.21,3963.78,3964.93,1470
2024-01-04,05:45,3965.73,3966.71,3962.82,3965.26,1471
2024-01-04,05:50,3964.62,3967.88,3962.67,3966.00,1472
2024-01-04,05:55,3963.49,3967.92,3962.61,3965.45,1473
2024-01-04,06:00,3962.34,3964.32,3959.98,3963.08,1474
2024-01-04,06:05,3961.17,3962.83,3957.88,3960.01,1475
2024-01-04,06:10,3959.99,3962.49,3957.39,3957.99,1476
2024-01-04,06:15,3958.79,3960.29,3955.56,3957.80,1477
2024-01-04,06:20,3957.59,3959.93,3955.32,3958.51,1478
2024-01-04,06:25,3956.39,3960.87,3955.70,3958.38,1479
2024-01-04,06:30,3955.18,3958.14,3953.10,3956.41,1480
2024-01-04,06:35,3953.97,3955.13,3950.92,3953.31,1481
2024-01-04,06:40,3952.77,3955.21,3949.86,3950.82,1482
2024-01-04,06:45,3951.57,3953.51,3948.24,3950.13,1483
2024-01-04,06:50,3950.39,3951.66,3947.92,3950.77,1484
2024-01-04,06:55,3949.21,3953.43,3947.98,3951.07,1485
2024-01-04,07:00,3948.06,3951.80,3946.39,3949.68,1486
2024-01-04,07:05,3946.92,3947.53,3944.32,3946.81,1487
2024-01-04,07:10,3945.81,3948.04,3942.58,3944.07,1488
2024-01-04,07:15,3944.72,3946.99,3941.52,3942.94,1489
2024-01-04,07:20,3943.65,3944.33,3940.99,3943.48,1490
2024-01-04,07:25,3942.62,3946.29,3940.90,3944.20,1491
2024-01-04,07:30,3941.63,3945.90,3940.46,3943.51,1492
2024-01-04,07:35,3940.66,3942.08,3938.22,3941.12,1493
2024-01-04,07:40,3939.74,3941.63,3936.41,3938.35,1494
2024-01-04,07:45,3938.85,3941.31,3936.00,3936.89,1495
2024-01-04,07:50,3938.01,3939.24,3934.92,3937.29,1496
2024-01-04,07:55,3937.21,3940.06,3935.10,3938.39,1497
2024-01-04,08:00,3936.46,3940.95,3935.85,3938.46,1498
2024-01-04,08:05,3935.76,3938.22,3933.51,3936.74,1499
2024-01-04,08:10,3935.10,3936.54,3931.90,3934.17,1000
2024-01-04,08:15,3934.50,3936.99,3931.84,3932.50,1001
2024-01-04,08:20,3933.94,3935.66,3930.64,3932.73,1002
2024-01-04,08:25,3933.44,3935.30,3931.06,3934.12,1003
2024-01-04,08:30,3933.00,3937.40,3932.05,3934.95,1004
2024-01-04,08:35,3932.61,3935.97,3930.71,3934.04,1005
2024-01-04,08:40,3932.27,3933.18,3929.41,3931.87,1006
2024-01-04,08:45,3931.99,3934.36,3928.91,3930.12,1007
2024-01-04,08:50,3931.76,3933.88,3928.47,3930.15,1008
2024-01-04,08:55,3931.59,3932.34,3929.10,3931.72,1009
2024-01-04,09:00,3931.48,3935.47,3930.01,3933.23,1010
2024-01-04,09:05,3931.42,3935.45,3929.98,3933.18,1011
2024-01-04,09:10,3931.42,3932.23,3928.92,3931.57,1012
2024-01-04,09:15,3931.46,3933.56,3928.16,3929.87,1013
2024-01-04,09:20,3931.57,3933.94,3928.50,3929.69,1014
2024-01-04,09:25,3931.72,3932.66,3928.83,3931.28,1015
2024-01-04,09:30,3931.92,3935.23,3930.00,3933.33,1016
2024-01-04,09:35,3932.18,3936.59,3931.26,3934.13,1017
2024-01-04,09:40,3932.48,3934.40,3930.11,3933.19,1018
2024-01-04,09:45,3932.82,3934.51,3929.53,3931.63,1019
2024-01-04,09:50,3933.21,3935.71,3930.59,3931.22,1020
2024-01-04,09:55,3933.65,3935.11,3930.43,3932.68,1021
2024-01-04,10:00,3934.12,3936.52,3931.86,3935.07,1022
2024-01-04,10:05,3934.63,3939.12,3933.98,3936.62,1023
2024-01-04,10:10,3935.17,3938.08,3933.08,3936.38,1024
2024-01-04,10:15,3935.75,3936.95,3932.68,3935.06,1025
2024-01-04,10:20,3936.36,3938.82,3933.48,3934.41,1026
2024-01-04,10:25,3937.00,3938.92,3933.67,3935.58,1027
2024-01-04,10:30,3937.66,3939.00,3935.21,3938.08,1028
2024-01-04,10:35,3938.34,3942.59,3937.14,3940.22,1029
2024-01-04,10:40,3939.05,3942.75,3937.35,3940.65,1030
2024-01-04,10:45,3939.77,3940.41,3937.13,3939.62,1031
2024-01-04,10:50,3940.50,3942.75,3937.28,3938.74,1032
2024-01-04,10:55,3941.24,3943.50,3938.03,3939.49,1033
2024-01-04,11:00,3941.99,3942.63,3939.35,3941.85,1034
2024-01-04,11:05,3942.75,3946.45,3941.05,3944.35,1035
2024-01-04,11:10,3943.50,3947.75,3942.30,3945.37,1036
2024-01-04,11:15,3944.25,3945.60,3941.80,3944.68,1037
2024-01-04,11:20,3945.00,3946.92,3941.67,3943.59,1038
2024-01-04,11:25,3945.74,3948.20,3942.86,3943.79,1039
2024-01-04,11:30,3946.47,3947.67,3943.41,3945.78,1040
2024-01-04,11:35,3947.19,3950.10,3945.09,3948.40,1041
2024-01-04,11:40,3947.89,3952.38,3947.24,3949.89,1042
2024-01-04,11:45,3948.57,3950.97,3946.31,3949.52,1043
2024-01-04,11:50,3949.23,3950.70,3946.01,3948.26,1044
2024-01-04,11:55,3949.87,3952.36,3947.24,3947.87,1045
2024-01-04,12:00,3950.47,3952.16,3947.17,3949.28,1046
2024-01-04,12:05,3951.05,3952.97,3948.68,3951.76,1047
2024-01-04,12:10,3951.60,3956.01,3950.68,3953.55,1048
2024-01-04,12:15,3952.11,3955.42,3950.19,3953.51,1049
2024-01-04,12:20,3952.59,3953.52,3949.70,3952.15,1050
2024-01-04,12:25,3953.02,3955.40,3949.96,3951.15,1051
2024-01-04,12:30,3953.42,3955.52,3950.12,3951.83,1052
2024-01-04,12:35,3953.78,3954.60,3951.29,3953.94,1053
2024-01-04,12:40,3954.10,3958.13,3952.66,3955.86,1054
2024-01-04,12:45,3954.37,3958.37,3952.90,3956.12,1055
2024-01-04,12:50,3954.60,3955.35,3952.10,3954.72,1056
2024-01-04,12:55,3954.78,3956.89,3951.49,3953.17,1057
2024-01-04,13:00,3954.92,3957.28,3951.83,3953.05,1058
2024-01-04,13:05,3955.01,3955.91,3952.14,3954.60,1059
2024-01-04,13:10,3955.05,3958.41,3953.15,3956.48,1060
2024-01-04,13:15,3955.04,3959.44,3954.09,3956.99,1061
2024-01-04,13:20,3954.99,3956.84,3952.60,3955.66,1062
2024-01-04,13:25,3954.88,3956.60,3951.58,3953.67,1063
2024-01-04,13:30,3954.74,3957.23,3952.07,3952.74,1064
2024-01-04,13:35,3954.54,3955.97,3951.34,3953.60,1065
2024-01-04,13:40,3954.30,3956.76,3952.06,3955.28,1066
2024-01-04,13:45,3954.01,3958.50,3953.40,3956.01,1067
2024-01-04,13:50,3953.68,3956.53,3951.56,3954.85,1068
2024-01-04,13:55,3953.30,3954.53,3950.21,3952.58,1069
2024-01-04,14:00,3952.89,3955.35,3950.03,3950.93,1070
2024-01-04,14:05,3952.43,3954.32,3949.10,3951.04,1071
2024-01-04,14:10,3951.94,3953.35,3949.49,3952.39,1072
2024-01-04,14:15,3951.40,3955.67,3950.23,3953.29,1073
2024-01-04,14:20,3950.84,3954.50,3949.11,3952.42,1074
2024-01-04,14:25,3950.24,3950.91,3947.57,3950.06,1075
2024-01-04,14:30,3949.61,3951.88,3946.41,3947.83,1076
2024-01-04,14:35,3948.95,3951.18,3945.72,3947.21,1077
2024-01-04,14:40,3948.26,3948.87,3945.66,3948.16,1078
2024-01-04,14:45,3947.55,3951.30,3945.89,3949.18,1079
2024-01-04,14:50,3946.83,3951.05,3945.59,3948.69,1080
2024-01-04,14:55,3946.08,3947.35,3943.62,3946.47,1081
2024-01-04,15:00,3945.32,3947.26,3941.99,3943.88,1082
2024-01-04,15:05,3944.54,3946.99,3941.63,3942.60,1083
2024-01-04,15:10,3943.76,3944.92,3940.71,3943.10,1084
2024-01-04,15:15,3942.97,3945.93,3940.89,3944.20,1085
2024-01-04,15:20,3942.18,3946.66,3941.49,3944.17,1086
2024-01-04,15:25,3941.38,3943.72,3939.11,3942.30,1087
2024-01-04,15:30,3940.59,3942.09,3937.36,3939.59,1088
2024-01-04,15:35,3939.81,3942.30,3937.21,3937.81,1089
2024-01-04,15:40,3939.03,3940.69,3935.74,3937.87,1090
2024-01-04,15:45,3938.27,3940.25,3935.91,3939.01,1091
2024-01-04,15:50,3937.52,3941.94,3936.64,3939.48,1092
2024-01-04,15:55,3936.78,3940.04,3934.83,3938.16,1093
2024-01-04,16:00,3936.07,3937.04,3933.15,3935.60,1094
2024-01-04,16:05,3935.38,3937.77,3932.34,3933.49,1095
2024-01-04,16:10,3934.72,3936.79,3931.41,3933.15,1096
2024-01-04,16:15,3934.09,3934.98,3931.60,3934.28,1097
2024-01-04,16:20,3933.49,3937.55,3932.07,3935.27,1098
2024-01-04,16:25,3932.92,3936.88,3931.41,3934.65,1099
2024-01-04,16:30,3932.39,3933.06,3929.89,3932.48,1100
2024-01-04,16:35,3931.90,3934.03,3928.61,3930.26,1101
2024-01-04,16:40,3931.45,3933.80,3928.34,3929.59,1102
2024-01-04,16:45,3931.04,3931.91,3928.20,3930.67,1103
2024-01-04,16:50,3930.67,3934.08,3928.80,3932.13,1104
2024-01-04,16:55,3930.36,3934.74,3929.38,3932.30,1105
2024-01-04,17:00,3930.09,3931.88,3927.70,3930.73,1106
2024-01-04,17:05,3929.87,3931.62,3926.56,3928.63,1107
2024-01-04,17:10,3929.71,3932.20,3927.01,3927.72,1108
2024-01-04,17:15,3929.59,3931.00,3926.40,3928.69,1109
2024-01-04,17:20,3929.53,3932.06,3927.31,3930.55,1110
2024-01-04,17:25,3929.53,3934.02,3928.95,3931.52,1111
2024-01-04,17:30,3929.57,3932.37,3927.44,3930.72,1112
2024-01-04,17:35,3929.68,3930.94,3926.57,3928.92,1113
2024-01-04,17:40,3929.84,3932.30,3927.01,3927.87,1114
2024-01-04,17:45,3930.05,3931.92,3926.73,3928.69,1115
2024-01-04,17:50,3930.32,3931.80,3927.88,3930.81,1116
2024-01-04,17:55,3930.65,3934.94,3929.51,3932.55,1117
2024-01-04,18:00,3931.03,3934.65,3929.28,3932.59,1118
2024-01-04,18:05,3931.47,3932.18,3928.77,3931.25,1119
2024-01-04,18:10,3931.96,3934.24,3928.77,3930.17,1120
2024-01-04,18:15,3932.50,3934.72,3929.26,3930.78,1121
2024-01-04,18:20,3933.09,3933.66,3930.52,3933.02,1122
2024-01-04,18:25,3933.73,3937.52,3932.09,3935.38,1123
2024-01-04,18:30,3934.43,3938.62,3933.16,3936.27,1124
2024-01-04,18:35,3935.17,3936.37,3932.70,3935.52,1125
2024-01-04,18:40,3935.95,3937.92,3932.62,3934.48,1126
2024-01-04,18:45,3936.78,3939.21,3933.84,3934.84,1127
2024-01-04,18:50,3937.65,3938.77,3934.62,3937.02,1128
2024-01-04,18:55,3938.56,3941.58,3936.50,3939.82,1129
2024-01-04,19:00,3939.50,3943.98,3938.78,3941.49,1130
2024-01-04,19:05,3940.48,3942.76,3938.19,3941.37,1131
2024-01-04,19:10,3941.50,3943.02,3938.25,3940.47,1132
2024-01-04,19:15,3942.54,3945.04,3939.98,3940.54,1133
2024-01-04,19:20,3943.61,3945.24,3940.33,3942.47,1134
2024-01-04,19:25,3944.70,3946.75,3942.36,3945.47,1135
2024-01-04,19:30,3945.81,3950.25,3944.97,3947.78,1136
2024-01-04,19:35,3946.94,3950.15,3944.97,3948.30,1137
2024-01-04,19:40,3948.09,3949.10,3945.15,3947.58,1138
2024-01-04,19:45,3949.25,3951.65,3946.23,3947.35,1139
2024-01-04,19:50,3950.42,3952.47,3947.11,3948.87,1140
2024-01-04,19:55,3951.59,3952.55,3949.11,3951.82,1141
2024-01-04,20:00,3952.77,3956.86,3951.39,3954.57,1142
2024-01-04,20:05,3953.95,3957.87,3952.41,3955.66,1143
2024-01-04,20:10,3955.12,3955.73,3952.62,3955.18,1144
2024-01-04,20:15,3956.29,3958.45,3953.01,3954.64,1145
2024-01-04,20:20,3957.45,3959.79,3954.33,3955.61,1146
2024-01-04,20:25,3958.60,3959.43,3955.79,3958.26,1147
2024-01-04,20:30,3959.73,3963.19,3957.88,3961.21,1148
2024-01-04,20:35,3960.84,3965.21,3959.83,3962.78,1149
2024-01-04,20:40,3961.94,3963.66,3959.53,3962.55,1150
2024-01-04,20:45,3963.01,3964.78,3959.69,3961.73,1151
2024-01-04,20:50,3964.05,3966.54,3961.33,3962.07,1152
2024-01-04,20:55,3965.07,3966.44,3961.90,3964.20,1153
2024-01-04,21:00,3966.05,3968.64,3963.85,3967.10,1154
2024-01-04,21:05,3967.01,3971.50,3966.46,3969.00,1155
2024-01-04,21:10,3967.92,3970.66,3965.76,3969.04,1156
2024-01-04,21:15,3968.80,3970.09,3965.67,3968.01,1157
2024-01-04,21:20,3969.64,3972.11,3966.84,3967.67,1158
2024-01-04,21:25,3970.44,3972.28,3967.12,3969.10,1159
2024-01-04,21:30,3971.20,3972.75,3968.77,3971.72,1160
2024-01-04,21:35,3971.91,3976.23,3970.81,3973.82,1161
2024-01-04,21:40,3972.58,3976.15,3970.80,3974.12,1162
2024-01-04,21:45,3973.20,3973.95,3970.47,3972.95,1163
2024-01-04,21:50,3973.78,3976.08,3970.61,3971.97,1164
2024-01-04,21:55,3974.30,3976.50,3971.05,3972.60,1165
2024-01-04,22:00,3974.78,3975.32,3972.25,3974.74,1166
2024-01-04,22:05,3975.21,3979.04,3973.60,3976.87,1167
2024-01-04,22:10,3975.59,3979.76,3974.29,3977.42,1168
2024-01-04,22:15,3975.92,3977.06,3973.45,3976.24,1169
2024-01-04,22:20,3976.20,3978.19,3972.88,3974.71,1170
2024-01-04,22:25,3976.44,3978.86,3973.48,3974.51,1171
2024-01-04,22:30,3976.62,3977.71,3973.62,3976.03,1172
2024-01-04,22:35,3976.76,3979.83,3974.73,3978.05,1173
2024-01-04,22:40,3976.85,3981.32,3976.09,3978.83,1174
2024-01-04,22:45,3976.90,3979.11,3974.59,3977.75,1175
2024-01-04,22:50,3976.90,3978.46,3973.64,3975.84,1176
2024-01-04,22:55,3976.85,3979.35,3974.33,3974.85,1177
2024-01-04,23:00,3976.77,3978.37,3973.50,3975.67,1178
2024-01-04,23:05,3976.65,3978.76,3974.32,3977.46,1179
2024-01-04,23:10,3976.48,3980.94,3975.68,3978.46,1180
2024-01-04,23:15,3976.29,3979.44,3974.29,3977.61,1181
2024-01-04,23:20,3976.05,3977.10,3973.09,3975.51,1182
2024-01-04,23:25,3975.79,3978.20,3972.79,3973.88,1183
2024-01-04,23:30,3975.50,3977.52,3972.18,3973.97,1184
2024-01-04,23:35,3975.17,3976.20,3972.69,3975.44,1185
2024-01-04,23:40,3974.83,3978.95,3973.48,3976.64,1186
2024-01-04,23:45,3974.46,3978.34,3972.89,3976.15,1187
2024-01-04,23:50,3974.07,3974.61,3971.57,3974.09,1188
2024-01-04,23:55,3973.67,3975.84,3970.40,3971.99,1189
2024-01-05,00:00,3973.25,3975.58,3970.11,3971.42,1190
2024-01-05,00:05,3972.82,3973.62,3970.04,3972.52,1191
2024-01-05,00:10,3972.38,3975.89,3970.56,3973.89,1192
2024-01-05,00:15,3971.94,3976.29,3970.89,3973.87,1193
2024-01-05,00:20,3971.50,3973.15,3969.08,3972.08,1194
2024-01-05,00:25,3971.06,3972.86,3967.74,3969.76,1195
2024-01-05,00:30,3970.62,3973.10,3967.86,3968.64,1196
2024-01-05,00:35,3970.19,3971.53,3967.03,3969.35,1197
2024-01-05,00:40,3969.77,3972.41,3967.58,3970.84,1198
2024-01-05,00:45,3969.36,3973.86,3968.85,3971.36,1199
2024-01-05,00:50,3968.97,3971.64,3966.79,3970.06,1200
2024-01-05,00:55,3968.59,3969.92,3965.45,3967.77,1201
2024-01-05,01:00,3968.24,3970.72,3965.47,3966.26,1202
2024-01-05,01:05,3967.92,3969.73,3964.60,3966.60,1203
2024-01-05,01:10,3967.62,3969.24,3965.20,3968.18,1204
2024-01-05,01:15,3967.35,3971.68,3966.28,3969.27,1205
2024-01-05,01:20,3967.11,3970.64,3965.30,3968.62,1206
2024-01-05,01:25,3966.91,3967.69,3964.14,3966.62,1207
2024-01-05,01:30,3966.74,3969.06,3963.59,3964.92,1208
2024-01-05,01:35,3966.61,3968.80,3963.35,3964.93,1209
2024-01-05,01:40,3966.53,3967.03,3964.03,3966.53,1210
2024-01-05,01:45,3966.48,3970.35,3964.90,3968.17,1211
2024-01-05,01:50,3966.49,3970.62,3965.15,3968.30,1212
2024-01-05,01:55,3966.53,3967.60,3964.05,3966.82,1213
2024-01-05,02:00,3966.63,3968.64,3963.31,3965.12,1214
2024-01-05,02:05,3966.77,3969.19,3963.79,3964.86,1215
2024-01-05,02:10,3966.97,3968.03,3963.99,3966.41,1216
2024-01-05,02:15,3967.21,3970.34,3965.20,3968.53,1217
2024-01-05,02:20,3967.51,3971.97,3966.72,3969.49,1218
2024-01-05,02:25,3967.86,3970.01,3965.54,3968.68,1219
2024-01-05,02:30,3968.26,3969.85,3964.99,3967.17,1220
2024-01-05,02:35,3968.72,3971.22,3966.21,3966.72,1221
2024-01-05,02:40,3969.22,3970.80,3965.96,3968.15,1222
2024-01-05,02:45,3969.78,3971.97,3967.47,3970.63,1223
2024-01-05,02:50,3970.40,3974.86,3969.62,3972.38,1224
2024-01-05,02:55,3971.06,3974.16,3969.04,3972.36,1225
2024-01-05,03:00,3971.78,3972.86,3968.79,3971.20,1226
2024-01-05,03:05,3972.55,3974.97,3969.58,3970.63,1227
2024-01-05,03:10,3973.37,3975.37,3970.04,3971.86,1228
2024-01-05,03:15,3974.23,3975.33,3971.75,3974.53,1229
2024-01-05,03:20,3975.14,3979.30,3973.83,3976.97,1230
2024-01-05,03:25,3976.10,3979.95,3974.51,3977.78,1231
2024-01-05,03:30,3977.10,3977.62,3974.59,3977.09,1232
2024-01-05,03:35,3978.15,3980.34,3974.89,3976.46,1233
2024-01-05,03:40,3979.23,3981.55,3976.07,3977.42,1234
2024-01-05,03:45,3980.36,3981.12,3977.61,3980.09,1235
2024-01-05,03:50,3981.52,3985.07,3979.72,3983.04,1236
2024-01-05,03:55,3982.71,3987.03,3981.62,3984.62,1237
2024-01-05,04:00,3983.93,3985.51,3981.51,3984.47,1238
2024-01-05,04:05,3985.18,3987.01,3981.86,3983.86,1239
2024-01-05,04:10,3986.46,3988.94,3983.68,3984.49,1240
2024-01-05,04:15,3987.76,3989.07,3984.62,3986.95,1241
2024-01-05,04:20,3989.08,3991.79,3986.92,3990.19,1242
2024-01-05,04:25,3990.42,3994.92,3989.90,3992.42,1243
2024-01-05,04:30,3991.78,3994.39,3989.58,3992.83,1244
2024-01-05,04:35,3993.14,3994.50,3989.98,3992.29,1245
2024-01-05,04:40,3994.52,3997.00,3991.78,3992.53,1246
2024-01-05,04:45,3995.89,3997.68,3992.58,3994.61,1247
2024-01-05,04:50,3997.28,3998.96,3994.87,3997.87,1248
2024-01-05,04:55,3998.66,4003.01,3997.62,4000.58,1249
2024-01-05,05:00,4000.03,4003.51,3998.20,4001.52,1250
2024-01-05,05:05,4001.40,4002.22,3998.61,4001.09,1251
2024-01-05,05:10,4002.76,4005.10,3999.63,4000.93,1252
2024-01-05,05:15,4004.11,4006.27,4000.84,4002.45,1253
2024-01-05,05:20,4005.44,4006.01,4002.94,4005.48,1254
2024-01-05,05:25,4006.75,4010.66,4005.20,4008.46,1255
2024-01-05,05:30,4008.05,4012.15,4006.68,4009.85,1256
2024-01-05,05:35,4009.31,4010.31,4006.83,4009.56,1257
2024-01-05,05:40,4010.55,4012.59,4007.23,4009.01,1258
2024-01-05,05:45,4011.76,4014.17,4008.75,4009.85,1259
2024-01-05,05:50,4012.94,4013.96,4009.98,4012.41,1260
2024-01-05,05:55,4014.08,4017.26,4012.10,4015.42,1261
2024-01-05,06:00,4015.19,4019.63,4014.36,4017.16,1262
2024-01-05,06:05,4016.26,4018.34,4013.92,4017.05,1263
2024-01-05,06:10,4017.28,4018.90,4014.01,4016.16,1264
2024-01-05,06:15,4018.26,4020.76,4015.72,4016.27,1265
2024-01-05,06:20,4019.20,4020.75,4015.95,4018.16,1266
2024-01-05,06:25,4020.10,4022.34,4017.80,4020.97,1267
2024-01-05,06:30,4020.94,4025.41,4020.20,4022.93,1268
2024-01-05,06:35,4021.74,4024.78,4019.70,4023.01,1269
2024-01-05,06:40,4022.48,4023.59,4019.47,4021.88,1270
2024-01-05,06:45,4023.18,4025.61,4020.23,4021.25,1271
2024-01-05,06:50,4023.83,4025.80,4020.50,4022.35,1272
2024-01-05,06:55,4024.42,4025.59,4021.95,4024.75,1273
2024-01-05,07:00,4024.96,4029.14,4023.67,4026.80,1274
2024-01-05,07:05,4025.45,4029.25,4023.82,4027.10,1275
2024-01-05,07:10,4025.88,4026.43,4023.33,4025.83,1276
2024-01-05,07:15,4026.26,4028.47,4023.02,4024.55,1277
2024-01-05,07:20,4026.59,4028.89,4023.42,4024.80,1278
2024-01-05,07:25,4026.87,4027.60,4024.16,4026.64,1279
2024-01-05,07:30,4027.10,4030.70,4025.33,4028.65,1280
2024-01-05,07:35,4027.28,4031.58,4026.16,4029.18,1281
2024-01-05,07:40,4027.41,4028.92,4024.97,4027.92,1282
2024-01-05,07:45,4027.49,4029.34,4024.16,4026.14,1283
2024-01-05,07:50,4027.53,4030.00,4024.71,4025.55,1284
2024-01-05,07:55,4027.52,4028.79,4024.40,4026.74,1285
2024-01-05,08:00,4027.46,4030.23,4025.31,4028.59,1286
2024-01-05,08:05,4027.37,4031.87,4026.81,4029.37,1287
2024-01-05,08:10,4027.23,4029.79,4025.02,4028.26,1288
2024-01-05,08:15,4027.06,4028.45,4023.88,4026.17,1289
2024-01-05,08:20,4026.86,4029.34,4024.15,4024.87,1290
2024-01-05,08:25,4026.62,4028.38,4023.30,4025.36,1291
2024-01-05,08:30,4026.35,4028.10,4023.95,4026.98,1292
2024-01-05,08:35,4026.05,4030.42,4025.05,4027.99,1293
2024-01-05,08:40,4025.73,4029.16,4023.87,4027.20,1294
2024-01-05,08:45,4025.38,4026.24,4022.56,4025.03,1295
2024-01-05,08:50,4025.02,4027.37,4021.91,4023.17,1296
2024-01-05,08:55,4024.64,4026.78,4021.36,4023.00,1297
2024-01-05,09:00,4024.24,4024.89,4021.75,4024.32,1298
2024-01-05,09:05,4023.84,4027.78,4022.32,4025.56,1299
2024-01-05,09:10,4023.42,4027.50,4022.03,4025.21,1300
2024-01-05,09:15,4023.01,4023.93,4020.52,4023.22,1301
2024-01-05,09:20,4022.58,4024.64,4019.27,4021.03,1302
2024-01-05,09:25,4022.17,4024.56,4019.13,4020.27,1303
2024-01-05,09:30,4021.75,4022.74,4018.82,4021.26,1304
2024-01-05,09:35,4021.34,4024.57,4019.38,4022.71,1305
2024-01-05,09:40,4020.94,4025.38,4020.08,4022.91,1306
2024-01-05,09:45,4020.56,4022.58,4018.21,4021.32,1307
2024-01-05,09:50,4020.19,4021.84,4016.90,4019.04,1308
2024-01-05,09:55,4019.84,4022.34,4017.26,4017.84,1309
2024-01-05,10:00,4019.51,4021.02,4016.27,4018.50,1310
2024-01-05,10:05,4019.20,4021.51,4016.92,4020.11,1311
2024-01-05,10:10,4018.92,4023.40,4018.22,4020.91,1312
2024-01-05,10:15,4018.67,4021.67,4016.61,4019.92,1313
2024-01-05,10:20,4018.46,4019.60,4015.42,4017.81,1314
2024-01-05,10:25,4018.27,4020.71,4015.35,4016.33,1315
2024-01-05,10:30,4018.12,4020.08,4014.80,4016.67,1316
2024-01-05,10:35,4018.01,4019.25,4015.55,4018.38,1317
2024-01-05,10:40,4017.94,4022.15,4016.69,4019.79,1318
2024-01-05,10:45,4017.91,4021.68,4016.26,4019.54,1319
2024-01-05,10:50,4017.92,4018.51,4015.34,4017.84,1320
2024-01-05,10:55,4017.98,4020.21,4014.75,4016.25,1321
2024-01-05,11:00,4018.08,4020.36,4014.89,4016.30,1322
2024-01-05,11:05,4018.23,4018.93,4015.55,4018.04,1323
2024-01-05,11:10,4018.43,4022.07,4016.69,4020.00,1324
2024-01-05,11:15,4018.68,4022.96,4017.52,4020.57,1325
2024-01-05,11:20,4018.97,4020.42,4016.53,4019.44,1326
2024-01-05,11:25,4019.31,4021.19,4015.99,4017.93,1327
2024-01-05,11:30,4019.71,4022.17,4016.87,4017.74,1328
2024-01-05,11:35,4020.15,4021.39,4017.05,4019.41,1329
2024-01-05,11:40,4020.64,4023.46,4018.51,4021.80,1330
2024-01-05,11:45,4021.18,4025.68,4020.58,4023.18,1331
2024-01-05,11:50,4021.77,4024.27,4019.54,4022.77,1332
2024-01-05,11:55,4022.41,4023.83,4019.21,4021.49,1333
2024-01-05,12:00,4023.09,4025.58,4020.42,4021.10,1334
2024-01-05,12:05,4023.82,4025.55,4020.52,4022.59,1335
2024-01-05,12:10,4024.60,4026.42,4022.21,4025.26,1336
2024-01-05,12:15,4025.42,4029.81,4024.45,4027.36,1337
2024-01-05,12:20,4026.28,4029.66,4024.39,4027.72,1338
2024-01-05,12:25,4027.17,4028.06,4024.33,4026.79,1339
2024-01-05,12:30,4028.11,4030.47,4025.02,4026.25,1340
2024-01-05,12:35,4029.09,4031.21,4025.80,4027.46,1341
2024-01-05,12:40,4030.10,4030.81,4027.60,4030.20,1342
2024-01-05,12:45,4031.14,4035.11,4029.65,4032.88,1343
2024-01-05,12:50,4032.21,4036.25,4030.78,4033.98,1344
2024-01-05,12:55,4033.31,4034.16,4030.81,4033.48,1345
2024-01-05,13:00,4034.43,4036.51,4031.12,4032.85,1346
2024-01-05,13:05,4035.57,4037.96,4032.52,4033.69,1347
2024-01-05,13:10,4036.74,4037.69,4033.83,4036.28,1348
2024-01-05,13:15,4037.92,4041.20,4035.98,4039.31,1349
2024-01-05,13:20,4039.11,4043.53,4038.22,4041.07,1350
2024-01-05,13:25,4040.32,4042.27,4037.95,4041.04,1351
2024-01-05,13:30,4041.53,4043.20,4038.24,4040.35,1352
2024-01-05,13:35,4042.75,4045.24,4040.13,4040.75,1353
2024-01-05,13:40,4043.96,4045.45,4040.74,4042.98,1354
2024-01-05,13:45,4045.18,4047.55,4042.91,4046.12,1355
2024-01-05,13:50,4046.39,4050.88,4045.73,4048.39,1356
2024-01-05,13:55,4047.60,4050.53,4045.51,4048.82,1357
2024-01-05,14:00,4048.79,4049.97,4045.73,4048.11,1358
2024-01-05,14:05,4049.97,4052.42,4047.07,4048.02,1359
2024-01-05,14:10,4051.13,4053.06,4047.81,4049.71,1360
2024-01-05,14:15,4052.28,4053.59,4049.82,4052.68,1361
2024-01-05,14:20,4053.40,4057.63,4052.18,4055.27,1362
2024-01-05,14:25,4054.50,4058.22,4052.81,4056.11,1363
2024-01-05,14:30,4055.56,4056.19,4052.94,4055.44,1364
2024-01-05,14:35,4056.60,4058.85,4053.38,4054.85,1365
2024-01-05,14:40,4057.60,4059.87,4054.40,4055.84,1366
2024-01-05,14:45,4058.57,4059.23,4055.92,4058.41,1367
2024-01-05,14:50,4059.50,4063.18,4057.79,4061.09,1368
2024-01-05,14:55,4060.39,4064.65,4059.20,4062.27,1369
2024-01-05,15:00,4061.24,4062.61,4058.79,4061.68,1370
2024-01-05,15:05,4062.04,4063.94,4058.71,4060.63,1371
2024-01-05,15:10,4062.79,4065.25,4059.92,4060.84,1372
2024-01-05,15:15,4063.50,4064.71,4060.42,4062.79,1373
2024-01-05,15:20,4064.16,4067.04,4062.05,4065.35,1374
2024-01-05,15:25,4064.77,4069.26,4064.14,4066.77,1375
2024-01-05,15:30,4065.33,4067.76,4063.07,4066.29,1376
2024-01-05,15:35,4065.83,4067.28,4062.62,4064.88,1377
2024-01-05,15:40,4066.28,4068.77,4063.63,4064.28,1378
2024-01-05,15:45,4066.67,4068.38,4063.37,4065.47,1379
2024-01-05,15:50,4067.01,4068.90,4064.64,4067.70,1380
2024-01-05,15:55,4067.30,4071.70,4066.37,4069.25,1381
2024-01-05,16:00,4067.52,4070.86,4065.61,4068.94,1382
2024-01-05,16:05,4067.70,4068.62,4064.82,4067.28,1383
2024-01-05,16:10,4067.82,4070.19,4064.74,4065.94,1384
2024-01-05,16:15,4067.88,4069.98,4064.58,4066.28,1385
2024-01-05,16:20,4067.89,4068.67,4065.39,4068.03,1386
2024-01-05,16:25,4067.84,4071.85,4066.38,4069.60,1387
2024-01-05,16:30,4067.74,4071.75,4066.29,4069.50,1388
2024-01-05,16:35,4067.60,4068.38,4065.10,4067.74,1389
2024-01-05,16:40,4067.40,4069.50,4064.10,4065.79,1390
2024-01-05,16:45,4067.15,4069.52,4064.07,4065.27,1391
2024-01-05,16:50,4066.85,4067.77,4063.98,4066.43,1392
2024-01-05,16:55,4066.51,4069.85,4064.60,4067.93,1393
2024-01-05,17:00,4066.13,4070.53,4065.20,4068.08,1394
2024-01-05,17:05,4065.70,4067.59,4063.32,4066.39,1395
2024-01-05,17:10,4065.23,4066.94,4061.93,4064.03,1396
2024-01-05,17:15,4064.73,4067.22,4062.08,4062.73,1397
2024-01-05,17:20,4064.19,4065.64,4060.98,4063.24,1398
2024-01-05,17:25,4063.62,4066.05,4061.37,4064.59,1399
2024-01-05,17:30,4063.02,4067.51,4062.39,4065.01,1400
2024-01-05,17:35,4062.39,4065.27,4060.28,4063.58,1401
2024-01-05,17:40,4061.74,4062.95,4058.66,4061.03,1402
2024-01-05,17:45,4061.06,4063.52,4058.19,4059.11,1403
2024-01-05,17:50,4060.37,4062.28,4057.04,4058.97,1404
2024-01-05,17:55,4059.66,4061.04,4057.21,4060.10,1405
2024-01-05,18:00,4058.94,4063.20,4057.76,4060.82,1406
2024-01-05,18:05,4058.21,4061.89,4056.50,4059.80,1407
2024-01-05,18:10,4057.47,4058.13,4054.82,4057.31,1408
2024-01-05,18:15,4056.73,4058.99,4053.52,4054.96,1409
2024-01-05,18:20,4055.99,4058.23,4052.76,4054.24,1410
2024-01-05,18:25,4055.24,4055.87,4052.63,4055.12,1411
2024-01-05,18:30,4054.51,4058.24,4052.83,4056.12,1412
2024-01-05,18:35,4053.78,4058.02,4052.56,4055.65,1413
2024-01-05,18:40,4053.07,4054.38,4050.61,4053.47,1414
2024-01-05,18:45,4052.37,4054.30,4049.04,4050.94,1415
2024-01-05,18:50,4051.68,4054.13,4048.78,4049.73,1416
2024-01-05,18:55,4051.02,4052.19,4047.96,4050.34,1417
2024-01-05,19:00,4050.37,4053.31,4048.29,4051.59,1418
2024-01-05,19:05,4049.76,4054.24,4049.09,4051.75,1419
2024-01-05,19:10,4049.17,4051.54,4046.90,4050.10,1420
2024-01-05,19:15,4048.61,4050.09,4045.38,4047.62,1421
2024-01-05,19:20,4048.08,4050.57,4045.47,4046.08,1422
2024-01-05,19:25,4047.58,4049.26,4044.29,4046.41,1423
2024-01-05,19:30,4047.13,4049.08,4044.76,4047.85,1424
2024-01-05,19:35,4046.70,4051.13,4045.81,4048.67,1425
2024-01-05,19:40,4046.32,4049.61,4044.39,4047.72,1426
2024-01-05,19:45,4045.98,4046.94,4043.08,4045.53,1427
2024-01-05,19:50,4045.69,4048.07,4042.63,4043.80,1428
2024-01-05,19:55,4045.44,4047.52,4042.13,4043.85,1429
2024-01-05,20:00,4045.23,4046.08,4042.74,4045.40,1430
2024-01-05,20:05,4045.07,4049.11,4043.64,4046.84,1431
2024-01-05,20:10,4044.95,4048.93,4043.46,4046.69,1432
2024-01-05,20:15,4044.88,4045.59,4042.38,4044.99,1433
2024-01-05,20:20,4044.86,4046.98,4041.57,4043.24,1434
2024-01-05,20:25,4044.89,4047.25,4041.79,4043.03,1435
2024-01-05,20:30,4044.96,4045.85,4042.11,4044.57,1436
2024-01-05,20:35,4045.08,4048.47,4043.20,4046.53,1437
2024-01-05,20:40,4045.25,4049.64,4044.29,4047.20,1438
2024-01-05,20:45,4045.47,4047.29,4043.08,4046.13,1439
2024-01-05,20:50,4045.73,4047.46,4042.42,4044.50,1440
2024-01-05,20:55,4046.04,4048.53,4043.36,4044.05,1441
2024-01-05,21:00,4046.39,4047.81,4043.19,4045.47,1442
2024-01-05,21:05,4046.78,4049.28,4044.55,4047.78,1443
2024-01-05,21:10,4047.22,4051.71,4046.62,4049.22,1444
2024-01-05,21:15,4047.70,4050.52,4045.57,4048.86,1445
2024-01-05,21:20,4048.21,4049.45,4045.11,4047.47,1446
2024-01-05,21:25,4048.76,4051.22,4045.92,4046.80,1447
2024-01-05,21:30,4049.35,4051.22,4046.02,4047.97,1448
2024-01-05,21:35,4049.96,4051.41,4047.52,4050.44,1449
2024-01-05,21:40,4050.61,4054.89,4049.46,4052.50,1450
2024-01-05,21:45,4051.29,4054.93,4049.55,4052.86,1451
2024-01-05,21:50,4051.99,4052.68,4049.30,4051.79,1452
2024-01-05,21:55,4052.71,4054.99,4049.52,4050.93,1453
2024-01-05,22:00,4053.46,4055.69,4050.22,4051.73,1454
2024-01-05,22:05,4054.22,4054.81,4051.63,4054.13,1455
2024-01-05,22:10,4055.00,4058.76,4053.34,4056.63,1456
2024-01-05,22:15,4055.78,4059.99,4054.53,4057.64,1457
2024-01-05,22:20,4056.58,4057.82,4054.12,4056.95,1458
2024-01-05,22:25,4057.39,4059.34,4054.06,4055.93,1459
2024-01-05,22:30,4058.19,4060.63,4055.27,4056.25,1460
2024-01-05,22:35,4059.00,4060.14,4055.96,4058.35,1461
2024-01-05,22:40,4059.80,4062.79,4057.74,4061.05,1462
2024-01-05,22:45,4060.60,4065.08,4059.89,4062.59,1463
2024-01-05,22:50,4061.39,4063.69,4059.10,4062.29,1464
2024-01-05,22:55,4062.16,4063.67,4058.92,4061.15,1465
2024-01-05,23:00,4062.92,4065.42,4060.34,4060.92,1466
2024-01-05,23:05,4063.66,4065.31,4060.38,4062.52,1467
2024-01-05,23:10,4064.39,4066.40,4062.04,4065.15,1468
2024-01-05,23:15,4065.08,4069.52,4064.22,4067.05,1469
2024-01-05,23:20,4065.75,4068.99,4063.79,4067.12,1470
2024-01-05,23:25,4066.39,4067.39,4063.47,4065.90,1471
2024-01-05,23:30,4067.00,4069.40,4063.97,4065.11,1472
2024-01-05,23:35,4067.58,4069.64,4064.27,4066.02,1473
2024-01-05,23:40,4068.12,4069.04,4065.63,4068.33,1474
2024-01-05,23:45,4068.61,4072.69,4067.22,4070.40,1475
2024-01-05,23:50,4069.07,4073.01,4067.55,4070.79,1476
2024-01-05,23:55,4069.49,4070.13,4066.99,4069.56,1477
2024-01-06,00:00,4069.85,4072.00,4066.57,4068.21,1478
2024-01-06,00:05,4070.18,4072.52,4067.06,4068.33,1479
2024-01-06,00:10,4070.45,4071.30,4067.63,4070.10,1480
2024-01-06,00:15,4070.67,4074.10,4068.81,4072.14,1481
2024-01-06,00:20,4070.84,4075.21,4069.84,4072.78,1482
2024-01-06,00:25,4070.96,4072.71,4068.56,4071.59,1483
2024-01-06,00:30,4071.02,4072.78,4067.71,4069.76,1484
2024-01-06,00:35,4071.03,4073.52,4068.33,4069.05,1485
2024-01-06,00:40,4070.99,4072.38,4067.81,4070.10,1486
2024-01-06,00:45,4070.89,4073.45,4068.67,4071.92,1487
2024-01-06,00:50,4070.73,4075.23,4070.17,4072.73,1488
2024-01-06,00:55,4070.52,4073.29,4068.37,4071.65,1489
2024-01-06,01:00,4070.26,4071.53,4067.14,4069.48,1490
2024-01-06,01:05,4069.93,4072.40,4067.12,4067.96,1491
2024-01-06,01:10,4069.56,4071.41,4066.23,4068.20,1492
2024-01-06,01:15,4069.12,4070.64,4066.69,4069.63,1493
2024-01-06,01:20,4068.64,4072.94,4067.52,4070.54,1494
2024-01-06,01:25,4068.10,4071.70,4066.33,4069.65,1495
2024-01-06,01:30,4067.51,4068.24,4064.80,4067.28,1496
2024-01-06,01:35,4066.87,4069.17,4063.70,4065.08,1497
2024-01-06,01:40,4066.19,4068.40,4062.94,4064.47,1498
2024-01-06,01:45,4065.45,4066.00,4062.90,4065.40,1499
2024-01-06,01:50,4064.67,4068.48,4063.05,4066.32,1000
2024-01-06,01:55,4063.85,4068.03,4062.56,4065.69,1001
2024-01-06,02:00,4062.98,4064.15,4060.51,4063.32,1002
2024-01-06,02:05,4062.08,4064.06,4058.75,4060.60,1003
2024-01-06,02:10,4061.14,4063.57,4058.19,4059.21,1004
2024-01-06,02:15,4060.17,4061.28,4057.15,4059.56,1005
2024-01-06,02:20,4059.16,4062.21,4057.12,4060.43,1006
2024-01-06,02:25,4058.13,4062.60,4057.39,4060.11,1007
2024-01-06,02:30,4057.06,4059.31,4054.76,4057.94,1008
2024-01-06,02:35,4055.98,4057.52,4052.73,4054.94,1009
2024-01-06,02:40,4054.87,4057.37,4052.33,4052.87,1010
2024-01-06,02:45,4053.75,4055.37,4050.47,4052.63,1011
2024-01-06,02:50,4052.61,4054.70,4050.27,4053.40,1012
2024-01-06,02:55,4051.46,4055.91,4050.64,4053.43,1013
2024-01-06,03:00,4050.30,4053.48,4048.32,4051.64,1014
2024-01-06,03:05,4049.14,4050.16,4046.18,4048.61,1015
2024-01-06,03:10,4047.97,4050.38,4044.96,4046.06,1016
2024-01-06,03:15,4046.80,4048.84,4043.49,4045.27,1017
2024-01-06,03:20,4045.64,4046.64,4043.16,4045.89,1018
2024-01-06,03:25,4044.48,4048.59,4043.12,4046.29,1019
2024-01-06,03:30,4043.34,4047.24,4041.79,4045.04,1020
2024-01-06,03:35,4042.20,4042.77,4039.70,4042.24,1021
2024-01-06,03:40,4041.08,4043.25,4037.81,4039.42,1022
2024-01-06,03:45,4039.98,4042.32,4036.85,4038.15,1023
2024-01-06,03:50,4038.90,4039.72,4036.11,4038.59,1024
2024-01-06,03:55,4037.85,4041.33,4036.01,4039.34,1025
2024-01-06,04:00,4036.82,4041.17,4035.78,4038.74,1026
2024-01-06,04:05,4035.81,4037.50,4033.40,4036.41,1027
2024-01-06,04:10,4034.84,4036.63,4031.53,4033.56,1028
2024-01-06,04:15,4033.91,4036.39,4031.17,4031.92,1029
2024-01-06,04:20,4033.01,4034.36,4029.84,4032.15,1030
2024-01-06,04:25,4032.14,4034.76,4029.94,4033.20,1031
2024-01-06,04:30,4031.32,4035.82,4030.79,4033.32,1032
2024-01-06,04:35,4030.53,4033.24,4028.36,4031.64,1033
2024-01-06,04:40,4029.79,4031.10,4026.65,4028.98,1034
2024-01-06,04:45,4029.09,4031.57,4026.31,4027.12,1035
2024-01-06,04:50,4028.44,4030.27,4025.12,4027.12,1036
2024-01-06,04:55,4027.84,4029.42,4025.41,4028.38,1037
2024-01-06,05:00,4027.28,4031.60,4026.20,4029.19,1038
2024-01-06,05:05,4026.77,4030.32,4024.97,4028.29,1039
2024-01-06,05:10,4026.31,4027.07,4023.56,4026.04,1040
2024-01-06,05:15,4025.89,4028.20,4022.73,4024.08,1041
2024-01-06,05:20,4025.53,4027.72,4022.27,4023.84,1042
2024-01-06,05:25,4025.21,4025.73,4022.70,4025.20,1043
2024-01-06,05:30,4024.95,4028.79,4023.35,4026.62,1044
2024-01-06,05:35,4024.73,4028.88,4023.41,4026.56,1045
2024-01-06,05:40,4024.56,4025.66,4022.08,4024.86,1046
2024-01-06,05:45,4024.44,4026.44,4021.12,4022.94,1047
2024-01-06,05:50,4024.36,4026.79,4021.39,4022.44,1048
2024-01-06,05:55,4024.33,4025.41,4021.34,4023.76,1049
2024-01-06,06:00,4024.35,4027.45,4022.33,4025.65,1050
2024-01-06,06:05,4024.40,4028.87,4023.63,4026.38,1051
2024-01-06,06:10,4024.50,4026.68,4022.19,4025.34,1052
2024-01-06,06:15,4024.64,4026.21,4021.38,4023.56,1053
2024-01-06,06:20,4024.81,4027.31,4022.30,4022.81,1054
2024-01-06,06:25,4025.02,4026.61,4021.76,4023.94,1055
2024-01-06,06:30,4025.27,4027.42,4022.95,4026.09,1056
2024-01-06,06:35,4025.55,4030.00,4024.76,4027.53,1057
2024-01-06,06:40,4025.85,4028.98,4023.84,4027.17,1058
2024-01-06,06:45,4026.18,4027.24,4023.21,4025.63,1059
2024-01-06,06:50,4026.54,4028.96,4023.56,4024.62,1060
2024-01-06,06:55,4026.92,4028.93,4023.60,4025.41,1061
2024-01-06,07:00,4027.32,4028.38,4024.84,4027.60,1062
2024-01-06,07:05,4027.73,4031.87,4026.40,4029.55,1063
2024-01-06,07:10,4028.16,4032.02,4026.58,4029.84,1064
2024-01-06,07:15,4028.59,4029.09,4026.09,4028.59,1065
2024-01-06,07:20,4029.04,4031.22,4025.77,4027.35,1066
2024-01-06,07:25,4029.49,4031.80,4026.34,4027.67,1067
2024-01-06,07:30,4029.94,4030.72,4027.17,4029.65,1068
2024-01-06,07:35,4030.38,4033.91,4028.58,4031.90,1069
2024-01-06,07:40,4030.83,4035.16,4029.76,4032.75,1070
2024-01-06,07:45,4031.26,4032.88,4028.84,4031.82,1071
2024-01-06,07:50,4031.69,4033.50,4028.37,4030.38,1072
2024-01-06,07:55,4032.10,4034.58,4029.33,4030.12,1073
2024-01-06,08:00,4032.50,4033.82,4029.35,4031.67,1074
2024-01-06,08:05,4032.87,4035.55,4030.69,4033.96,1075
2024-01-06,08:10,4033.22,4037.72,4032.72,4035.22,1076
2024-01-06,08:15,4033.55,4036.20,4031.37,4034.63,1077
2024-01-06,08:20,4033.85,4035.19,4030.70,4033.01,1078
2024-01-06,08:25,4034.12,4036.61,4031.37,4032.14,1079
2024-01-06,08:30,4034.36,4036.16,4031.04,4033.06,1080
2024-01-06,08:35,4034.57,4036.22,4032.15,4035.14,1081
2024-01-06,08:40,4034.73,4039.08,4033.68,4036.65,1082
2024-01-06,08:45,4034.86,4038.36,4033.04,4036.36,1083
2024-01-06,08:50,4034.94,4035.74,4032.16,4034.64,1084
2024-01-06,08:55,4034.98,4037.31,4031.84,4033.16,1085
2024-01-06,09:00,4034.98,4037.15,4031.71,4033.31,1086
2024-01-06,09:05,4034.93,4035.46,4032.43,4034.95,1087
2024-01-06,09:10,4034.83,4038.72,4033.27,4036.52,1088
2024-01-06,09:15,4034.68,4038.81,4033.33,4036.49,1089
2024-01-06,09:20,4034.49,4035.51,4032.00,4034.75,1090
2024-01-06,09:25,4034.24,4036.26,4030.92,4032.71,1091
2024-01-06,09:30,4033.94,4036.35,4030.94,4032.02,1092
2024-01-06,09:35,4033.58,4034.62,4030.62,4033.04,1093
2024-01-06,09:40,4033.18,4036.33,4031.18,4034.50,1094
2024-01-06,09:45,4032.72,4037.17,4031.91,4034.69,1095
2024-01-06,09:50,4032.21,4034.32,4029.88,4033.01,1096
2024-01-06,09:55,4031.64,4033.24,4028.37,4030.54,1097
2024-01-06,10:00,4031.02,4033.52,4028.50,4029.02,1098
2024-01-06,10:05,4030.35,4031.91,4027.10,4029.29,1099
2024-01-06,10:10,4029.63,4031.84,4027.32,4030.49,1100
2024-01-06,10:15,4028.86,4033.33,4028.10,4030.84,1101
2024-01-06,10:20,4028.04,4031.11,4026.01,4029.32,1102
2024-01-06,10:25,4027.17,4028.26,4024.16,4026.57,1103
2024-01-06,10:30,4026.25,4028.68,4023.29,4024.32,1104
2024-01-06,10:35,4025.29,4027.28,4021.96,4023.80,1105
2024-01-06,10:40,4024.28,4025.42,4021.81,4024.60,1106
2024-01-06,10:45,4023.23,4027.40,4021.93,4025.07,1107
2024-01-06,10:50,4022.15,4025.97,4020.53,4023.81,1108
2024-01-06,10:55,4021.02,4021.55,4018.48,4020.98,1109
2024-01-06,11:00,4019.86,4022.06,4016.61,4018.16,1110
2024-01-06,11:05,4018.66,4020.97,4015.49,4016.86,1111
2024-01-06,11:10,4017.44,4018.18,4014.70,4017.19,1112
2024-01-06,11:15,4016.18,4019.76,4014.40,4017.72,1113
2024-01-06,11:20,4014.90,4019.22,4013.80,4016.81,1114
2024-01-06,11:25,4013.60,4015.15,4011.17,4014.12,1115
2024-01-06,11:30,4012.28,4014.12,4008.95,4010.94,1116
2024-01-06,11:35,4010.94,4013.41,4008.14,4008.96,1117
2024-01-06,11:40,4009.58,4010.87,4006.45,4008.79,1118
2024-01-06,11:45,4008.22,4010.95,4006.06,4009.33,1119
2024-01-06,11:50,4006.84,4011.34,4006.30,4008.84,1120
2024-01-06,11:55,4005.46,4008.05,4003.26,4006.51,1121
2024-01-06,12:00,4004.08,4005.46,4000.91,4003.21,1122
2024-01-06,12:05,4002.70,4005.19,3999.98,4000.72,1123
2024-01-06,12:10,4001.33,4003.10,3998.01,4000.06,1124
2024-01-06,12:15,3999.96,4001.68,3997.56,4000.57,1125
2024-01-06,12:20,3998.60,4002.97,3997.59,4000.54,1126
2024-01-06,12:25,3997.26,4000.71,3995.41,3998.74,1127
2024-01-06,12:30,3995.93,3996.76,3993.12,3995.59,1128
2024-01-06,12:35,3994.62,3996.96,3991.50,3992.78,1129
2024-01-06,12:40,3993.33,3995.49,3990.05,3991.68,1130
2024-01-06,12:45,3992.07,3992.68,3989.57,3992.12,1131
2024-01-06,12:50,3990.83,3994.76,3989.30,3992.55,1132
2024-01-06,12:55,3989.63,3993.72,3988.25,3991.43,1133
2024-01-06,13:00,3988.46,3989.42,3985.97,3988.69,1134
2024-01-06,13:05,3987.32,3989.37,3984.00,3985.77,1135
2024-01-06,13:10,3986.22,3988.62,3983.20,3984.32,1136
2024-01-06,13:15,3985.16,3986.16,3982.21,3984.65,1137
2024-01-06,13:20,3984.13,3987.34,3982.16,3985.49,1138
2024-01-06,13:25,3983.16,3987.60,3982.31,3985.13,1139
2024-01-06,13:30,3982.22,3984.27,3979.88,3983.00,1140
2024-01-06,13:35,3981.34,3982.97,3978.06,3980.20,1141
2024-01-06,13:40,3980.50,3983.00,3977.94,3978.50,1142
2024-01-06,13:45,3979.71,3981.23,3976.46,3978.68,1143
2024-01-06,13:50,3978.97,3981.24,3976.67,3979.85,1144
2024-01-06,13:55,3978.28,3982.75,3977.56,3980.26,1145
2024-01-06,14:00,3977.64,3980.66,3975.58,3978.90,1146
2024-01-06,14:05,3977.05,3978.18,3974.03,3976.42,1147
2024-01-06,14:10,3976.52,3978.95,3973.58,3974.58,1148
2024-01-06,14:15,3976.04,3978.00,3972.71,3974.57,1149
2024-01-06,14:20,3975.61,3976.81,3973.14,3975.96,1150
2024-01-06,14:25,3975.23,3979.42,3973.96,3977.08,1151
2024-01-06,14:30,3974.90,3978.69,3973.26,3976.55,1152
2024-01-06,14:35,3974.63,3975.20,3972.06,3974.56,1153
2024-01-06,14:40,3974.41,3976.63,3971.17,3972.69,1154
2024-01-06,14:45,3974.23,3976.52,3971.05,3972.45,1155
2024-01-06,14:50,3974.11,3974.82,3971.41,3973.90,1156
2024-01-06,14:55,3974.03,3977.65,3972.28,3975.59,1157
2024-01-06,15:00,3974.00,3978.29,3972.86,3975.90,1158
2024-01-06,15:05,3974.01,3975.49,3971.57,3974.50,1159
2024-01-06,15:10,3974.07,3975.94,3970.74,3972.70,1160
2024-01-06,15:15,3974.17,3976.63,3971.34,3972.20,1161
2024-01-06,15:20,3974.30,3975.56,3971.19,3973.54,1162
2024-01-06,15:25,3974.48,3977.27,3972.34,3975.62,1163
2024-01-06,15:30,3974.68,3979.18,3974.10,3976.68,1164
2024-01-06,15:35,3974.92,3977.45,3972.70,3975.94,1165
2024-01-06,15:40,3975.19,3976.60,3972.00,3974.29,1166
2024-01-06,15:45,3975.49,3977.98,3972.80,3973.50,1167
2024-01-06,15:50,3975.81,3977.56,3972.50,3974.57,1168
2024-01-06,15:55,3976.16,3977.94,3973.76,3976.80,1169
2024-01-06,16:00,3976.52,3980.90,3975.54,3978.46,1170
2024-01-06,16:05,3976.90,3980.31,3975.02,3978.35,1171
2024-01-06,16:10,3977.29,3978.16,3974.45,3976.92,1172
2024-01-06,16:15,3977.69,3980.05,3974.59,3975.84,1173
2024-01-06,16:20,3978.10,3980.24,3974.81,3976.47,1174
2024-01-06,16:25,3978.52,3979.19,3976.02,3978.61,1175
2024-01-06,16:30,3978.93,3982.89,3977.43,3980.66,1176
2024-01-06,16:35,3979.35,3983.41,3977.93,3981.13,1177
2024-01-06,16:40,3979.76,3980.64,3977.27,3979.95,1178
2024-01-06,16:45,3980.16,3982.23,3976.85,3978.59,1179
2024-01-06,16:50,3980.55,3982.94,3977.51,3978.66,1180
2024-01-06,16:55,3980.93,3981.90,3978.01,3980.45,1181
2024-01-06,17:00,3981.29,3984.55,3979.34,3982.67,1182
2024-01-06,17:05,3981.63,3986.06,3980.75,3983.59,1183
2024-01-06,17:10,3981.95,3983.94,3979.59,3982.69,1184
2024-01-06,17:15,3982.25,3983.91,3978.96,3981.08,1185
2024-01-06,17:20,3982.51,3985.01,3979.92,3980.52,1186
2024-01-06,17:25,3982.75,3984.25,3979.52,3981.76,1187
2024-01-06,17:30,3982.96,3985.30,3980.69,3983.88,1188
2024-01-06,17:35,3983.13,3987.62,3982.45,3985.13,1189
2024-01-06,17:40,3983.27,3986.23,3981.20,3984.50,1190
2024-01-06,17:45,3983.37,3984.53,3980.32,3982.71,1191
2024-01-06,17:50,3983.43,3985.87,3980.52,3981.48,1192
2024-01-06,17:55,3983.45,3985.39,3980.12,3982.00,1193
2024-01-06,18:00,3983.42,3984.69,3980.96,3983.81,1194
2024-01-06,18:05,3983.35,3987.57,3982.11,3985.21,1195
2024-01-06,18:10,3983.23,3986.98,3981.56,3984.85,1196
2024-01-06,18:15,3983.07,3983.67,3980.46,3982.96,1197
2024-01-06,18:20,3982.86,3985.09,3979.63,3981.12,1198
2024-01-06,18:25,3982.60,3984.87,3979.40,3980.82,1199
2024-01-06,18:30,3982.29,3982.96,3979.62,3982.11,1200
2024-01-06,18:35,3981.93,3985.59,3980.20,3983.51,1201
2024-01-06,18:40,3981.52,3985.79,3980.35,3983.41,1202
2024-01-06,18:45,3981.06,3982.48,3978.62,3981.52,1203
2024-01-06,18:50,3980.56,3982.45,3977.23,3979.16,1204
2024-01-06,18:55,3980.00,3982.46,3977.15,3978.04,1205
2024-01-06,19:00,3979.40,3980.62,3976.31,3978.67,1206
2024-01-06,19:05,3978.74,3981.60,3976.63,3979.92,1207
2024-01-06,19:10,3978.05,3982.54,3977.43,3980.04,1208
2024-01-06,19:15,3977.30,3979.77,3975.06,3978.28,1209
2024-01-06,19:20,3976.51,3977.95,3973.31,3975.58,1210
2024-01-06,19:25,3975.68,3978.17,3973.02,3973.69,1211
2024-01-06,19:30,3974.81,3976.52,3971.50,3973.59,1212
2024-01-06,19:35,3973.89,3975.74,3971.51,3974.57,1213
2024-01-06,19:40,3972.94,3977.34,3971.99,3974.89,1214
2024-01-06,19:45,3971.95,3975.31,3970.05,3973.38,1215
2024-01-06,19:50,3970.93,3971.83,3968.06,3970.52,1216
2024-01-06,19:55,3969.87,3972.24,3966.79,3968.01,1217
2024-01-06,20:00,3968.79,3970.90,3965.49,3967.18,1218
2024-01-06,20:05,3967.68,3968.43,3965.18,3967.80,1219
2024-01-06,20:10,3966.54,3970.54,3965.07,3968.29,1220
2024-01-06,20:15,3965.39,3969.41,3963.94,3967.15,1221
2024-01-06,20:20,3964.21,3965.03,3961.72,3964.37,1222
2024-01-06,20:25,3963.02,3965.11,3959.72,3961.43,1223
2024-01-06,20:30,3961.81,3964.19,3958.75,3959.94,1224
2024-01-06,20:35,3960.60,3961.54,3957.71,3960.16,1225
2024-01-06,20:40,3959.38,3962.69,3957.45,3960.78,1226
2024-01-06,20:45,3958.15,3962.56,3957.24,3960.11,1227
2024-01-06,20:50,3956.92,3958.84,3954.55,3957.63,1228
2024-01-06,20:55,3955.70,3957.39,3952.40,3954.51,1229
2024-01-06,21:00,3954.48,3956.97,3951.85,3952.48,1230
2024-01-06,21:05,3953.26,3954.73,3950.05,3952.30,1231
2024-01-06,21:10,3952.06,3954.46,3949.80,3953.01,1232
2024-01-06,21:15,3950.87,3955.36,3950.22,3952.87,1233
2024-01-06,21:20,3949.70,3952.61,3947.61,3950.91,1234
2024-01-06,21:25,3948.55,3949.75,3945.48,3947.86,1235
2024-01-06,21:30,3947.42,3949.88,3944.54,3945.47,1236
2024-01-06,21:35,3946.32,3948.24,3942.99,3944.91,1237
2024-01-06,21:40,3945.25,3946.59,3942.79,3945.67,1238
2024-01-06,21:45,3944.21,3948.45,3943.01,3946.08,1239
2024-01-06,21:50,3943.20,3946.90,3941.50,3944.80,1240
2024-01-06,21:55,3942.23,3942.87,3939.59,3942.08,1241
2024-01-06,22:00,3941.29,3943.55,3938.08,3939.54,1242
2024-01-06,22:05,3940.40,3942.65,3937.18,3938.64,1243
2024-01-06,22:10,3939.55,3940.19,3936.91,3939.41,1244
2024-01-06,22:15,3938.74,3942.45,3937.04,3940.34,1245
2024-01-06,22:20,3937.98,3942.23,3936.78,3939.85,1246
2024-01-06,22:25,3937.27,3938.61,3934.81,3937.69,1247
2024-01-06,22:30,3936.61,3938.53,3933.28,3935.19,1248
2024-01-06,22:35,3936.00,3938.45,3933.11,3934.04,1249
2024-01-06,22:40,3935.44,3936.63,3932.37,3934.74,1250
2024-01-06,22:45,3934.93,3937.84,3932.83,3936.14,1251
2024-01-06,22:50,3934.48,3938.97,3933.83,3936.47,1252
2024-01-06,22:55,3934.08,3936.48,3931.82,3935.03,1253
2024-01-06,23:00,3933.74,3935.21,3930.52,3932.77,1254
2024-01-06,23:05,3933.45,3935.95,3930.82,3931.46,1255
2024-01-06,23:10,3933.22,3934.91,3929.92,3932.03,1256
2024-01-06,23:15,3933.04,3934.97,3930.68,3933.75,1257
2024-01-06,23:20,3932.92,3937.34,3932.01,3934.88,1258
2024-01-06,23:25,3932.86,3936.17,3930.93,3934.26,1259
2024-01-06,23:30,3932.85,3933.78,3929.96,3932.41,1260
2024-01-06,23:35,3932.89,3935.27,3929.82,3931.01,1261
2024-01-06,23:40,3932.98,3935.07,3929.68,3931.39,1262
2024-01-06,23:45,3933.13,3933.94,3930.63,3933.28,1263
2024-01-06,23:50,3933.32,3937.35,3931.88,3935.08,1264
2024-01-06,23:55,3933.56,3937.56,3932.09,3935.31,1265
2024-01-07,00:00,3933.86,3934.60,3931.36,3933.98,1266
2024-01-07,00:05,3934.19,3936.30,3930.90,3932.58,1267
2024-01-07,00:10,3934.57,3936.94,3931.49,3932.70,1268
2024-01-07,00:15,3934.99,3935.90,3932.13,3934.59,1269
2024-01-07,00:20,3935.45,3938.81,3933.55,3936.88,1270
2024-01-07,00:25,3935.95,3940.35,3935.00,3937.90,1271
2024-01-07,00:30,3936.48,3938.33,3934.10,3937.16,1272
2024-01-07,00:35,3937.04,3938.76,3933.74,3935.83,1273
2024-01-07,00:40,3937.64,3940.13,3934.98,3935.64,1274
2024-01-07,00:45,3938.26,3939.69,3935.05,3937.32,1275
2024-01-07,00:50,3938.90,3941.36,3936.66,3939.88,1276
2024-01-07,00:55,3939.56,3944.06,3938.95,3941.56,1277
2024-01-07,01:00,3940.25,3943.10,3938.13,3941.42,1278
2024-01-07,01:05,3940.95,3942.17,3937.86,3940.22,1279
2024-01-07,01:10,3941.66,3944.12,3938.80,3939.70,1280
2024-01-07,01:15,3942.38,3944.27,3939.05,3940.99,1281
2024-01-07,01:20,3943.10,3944.52,3940.66,3943.56,1282
2024-01-07,01:25,3943.83,3948.10,3942.67,3945.72,1283
2024-01-07,01:30,3944.56,3948.23,3942.84,3946.14,1284
2024-01-07,01:35,3945.29,3945.97,3942.62,3945.11,1285
2024-01-07,01:40,3946.01,3948.28,3942.81,3944.24,1286
2024-01-07,01:45,3946.73,3948.96,3943.50,3944.99,1287
2024-01-07,01:50,3947.43,3948.03,3944.82,3947.32,1288
2024-01-07,01:55,3948.11,3951.86,3946.44,3949.74,1289
2024-01-07,02:00,3948.78,3953.00,3947.55,3950.64,1290
2024-01-07,02:05,3949.43,3950.70,3946.97,3949.82,1291
2024-01-07,02:10,3950.06,3952.00,3946.73,3948.61,1292
2024-01-07,02:15,3950.66,3953.10,3947.75,3948.71,1293
2024-01-07,02:20,3951.23,3952.39,3948.18,3950.57,1294
2024-01-07,02:25,3951.77,3954.74,3949.70,3953.01,1295
2024-01-07,02:30,3952.28,3956.77,3951.60,3954.28,1296
2024-01-07,02:35,3952.76,3955.10,3950.48,3953.68,1297
2024-01-07,02:40,3953.20,3954.70,3949.97,3952.20,1298
2024-01-07,02:45,3953.60,3956.10,3951.01,3951.60,1299
2024-01-07,02:50,3953.96,3955.62,3950.67,3952.80,1300
2024-01-07,02:55,3954.28,3956.27,3951.93,3955.03,1301
2024-01-07,03:00,3954.56,3958.99,3953.68,3956.52,1302
2024-01-07,03:05,3954.79,3958.05,3952.85,3956.17,1303
2024-01-07,03:10,3954.98,3955.96,3952.06,3954.51,1304
2024-01-07,03:15,3955.12,3957.51,3952.08,3953.23,1305
2024-01-07,03:20,3955.22,3957.29,3951.91,3953.65,1306
2024-01-07,03:25,3955.27,3956.16,3952.78,3955.46,1307
2024-01-07,03:30,3955.27,3959.33,3953.86,3957.05,1308
2024-01-07,03:35,3955.22,3959.18,3953.72,3956.95,1309
2024-01-07,03:40,3955.13,3955.80,3952.63,3955.21,1310
2024-01-07,03:45,3954.98,3957.12,3951.70,3953.35,1311
2024-01-07,03:50,3954.79,3957.15,3951.69,3952.94,1312
2024-01-07,03:55,3954.56,3955.43,3951.72,3954.19,1313
2024-01-07,04:00,3954.28,3957.69,3952.40,3955.73,1314
2024-01-07,04:05,3953.95,3958.33,3952.97,3955.89,1315
2024-01-07,04:10,3953.58,3955.36,3951.18,3954.22,1316
2024-01-07,04:15,3953.17,3954.91,3949.85,3951.92,1317
2024-01-07,04:20,3952.71,3955.20,3950.02,3950.72,1318
2024-01-07,04:25,3952.22,3953.62,3949.03,3951.31,1319
2024-01-07,04:30,3951.68,3954.21,3949.46,3952.70,1320
2024-01-07,04:35,3951.11,3955.61,3950.53,3953.11,1321
2024-01-07,04:40,3950.51,3953.30,3948.37,3951.66,1322
2024-01-07,04:45,3949.87,3951.13,3946.77,3949.12,1323
2024-01-07,04:50,3949.21,3951.68,3946.38,3947.24,1324
2024-01-07,04:55,3948.52,3950.38,3945.19,3947.15,1325
2024-01-07,05:00,3947.80,3949.28,3945.36,3948.29,1326
2024-01-07,05:05,3947.06,3951.35,3945.92,3948.95,1327
2024-01-07,05:10,3946.30,3949.92,3944.54,3947.86,1328
2024-01-07,05:15,3945.52,3946.23,3942.82,3945.31,1329
2024-01-07,05:20,3944.73,3947.02,3941.54,3942.94,1330
2024-01-07,05:25,3943.93,3946.15,3940.68,3942.21,1331
2024-01-07,05:30,3943.11,3943.68,3940.54,3943.04,1332
2024-01-07,05:35,3942.30,3946.08,3940.66,3943.94,1333
2024-01-07,05:40,3941.48,3945.67,3940.21,3943.32,1334
2024-01-07,05:45,3940.66,3941.86,3938.19,3941.01,1335
2024-01-07,05:50,3939.84,3941.81,3936.52,3938.38,1336
2024-01-07,05:55,3939.03,3941.47,3936.10,3937.10,1337
2024-01-07,06:00,3938.23,3939.36,3935.21,3937.61,1338
2024-01-07,06:05,3937.45,3940.47,3935.39,3938.71,1339
2024-01-07,06:10,3936.68,3941.15,3935.96,3938.66,1340
2024-01-07,06:15,3935.93,3938.20,3933.63,3936.81,1341
2024-01-07,06:20,3935.19,3936.72,3931.95,3934.17,1342
2024-01-07,06:25,3934.49,3936.99,3931.93,3932.49,1343
2024-01-07,06:30,3933.81,3935.44,3930.53,3932.68,1344
2024-01-07,06:35,3933.16,3935.21,3930.82,3933.94,1345
2024-01-07,06:40,3932.54,3936.98,3931.70,3934.51,1346
2024-01-07,06:45,3931.96,3935.17,3929.99,3933.31,1347
2024-01-07,06:50,3931.42,3932.42,3928.47,3930.91,1348
2024-01-07,06:55,3930.91,3933.31,3927.89,3929.01,1349
2024-01-07,07:00,3930.45,3932.50,3927.13,3928.90,1350
2024-01-07,07:05,3930.03,3930.99,3927.54,3930.26,1351
2024-01-07,07:10,3929.65,3933.75,3928.27,3931.45,1352
2024-01-07,07:15,3929.33,3933.25,3927.79,3931.04,1353
2024-01-07,07:20,3929.05,3929.66,3926.55,3929.10,1354
2024-01-07,07:25,3928.82,3930.98,3925.54,3927.17,1355
2024-01-07,07:30,3928.65,3930.99,3925.52,3926.81,1356
2024-01-07,07:35,3928.52,3929.36,3925.72,3928.19,1357
2024-01-07,07:40,3928.46,3931.91,3926.61,3929.93,1358
2024-01-07,07:45,3928.44,3932.81,3927.42,3930.37,1359
2024-01-07,07:50,3928.48,3930.20,3926.08,3929.09,1360
2024-01-07,07:55,3928.58,3930.35,3925.26,3927.30,1361
2024-01-07,08:00,3928.73,3931.22,3926.01,3926.74,1362
2024-01-07,08:05,3928.94,3930.31,3925.77,3928.07,1363
2024-01-07,08:10,3929.20,3931.79,3926.99,3930.24,1364
2024-01-07,08:15,3929.52,3934.02,3928.98,3931.52,1365
2024-01-07,08:20,3929.89,3932.63,3927.73,3931.01,1366
2024-01-07,08:25,3930.32,3931.61,3927.19,3929.53,1367
2024-01-07,08:30,3930.80,3933.28,3928.00,3928.83,1368
2024-01-07,08:35,3931.34,3933.18,3928.01,3929.99,1369
2024-01-07,08:40,3931.92,3933.47,3929.49,3932.45,1370
2024-01-07,08:45,3932.55,3936.87,3931.45,3934.46,1371
2024-01-07,08:50,3933.24,3936.81,3931.46,3934.77,1372
2024-01-07,08:55,3933.97,3934.71,3931.24,3933.72,1373
2024-01-07,09:00,3934.74,3937.05,3931.57,3932.94,1374
2024-01-07,09:05,3935.56,3937.76,3932.31,3933.86,1375
2024-01-07,09:10,3936.42,3936.95,3933.88,3936.38,1376
2024-01-07,09:15,3937.32,3941.14,3935.71,3938.98,1377
2024-01-07,09:20,3938.25,3942.42,3936.95,3940.08,1378
2024-01-07,09:25,3939.22,3940.35,3936.74,3939.53,1379
2024-01-07,09:30,3940.22,3942.21,3936.89,3938.73,1380
2024-01-07,09:35,3941.24,3943.67,3938.28,3939.32,1381
2024-01-07,09:40,3942.30,3943.39,3939.30,3941.71,1382
2024-01-07,09:45,3943.38,3946.45,3941.34,3944.66,1383
2024-01-07,09:50,3944.47,3948.94,3943.72,3946.46,1384
2024-01-07,09:55,3945.59,3947.80,3943.28,3946.44,1385
2024-01-07,10:00,3946.72,3948.28,3943.46,3945.66,1386
2024-01-07,10:05,3947.86,3950.36,3945.33,3945.86,1387
2024-01-07,10:10,3949.01,3950.61,3945.73,3947.90,1388
2024-01-07,10:15,3950.16,3952.28,3947.83,3950.97,1389
2024-01-07,10:20,3951.32,3955.77,3950.51,3953.29,1390
2024-01-07,10:25,3952.47,3955.63,3950.48,3953.80,1391
2024-01-07,10:30,3953.62,3954.67,3950.66,3953.08,1392
2024-01-07,10:35,3954.77,3957.18,3951.77,3952.86,1393
2024-01-07,10:40,3955.90,3957.93,3952.58,3954.38,1394
2024-01-07,10:45,3957.03,3958.06,3954.54,3957.29,1395
2024-01-07,10:50,3958.13,3962.25,3956.78,3959.94,1396
2024-01-07,10:55,3959.22,3963.10,3957.65,3960.91,1397
2024-01-07,11:00,3960.29,3960.82,3957.79,3960.30,1398
2024-01-07,11:05,3961.33,3963.50,3958.06,3959.65,1399
2024-01-07,11:10,3962.34,3964.67,3959.20,3960.52,1400
2024-01-07,11:15,3963.33,3964.13,3960.55,3963.03,1401
2024-01-07,11:20,3964.29,3967.79,3962.47,3965.79,1402
2024-01-07,11:25,3965.21,3969.55,3964.16,3967.13,1403
2024-01-07,11:30,3966.09,3967.75,3963.68,3966.67,1404
2024-01-07,11:35,3966.94,3968.74,3963.62,3965.64,1405
2024-01-07,11:40,3967.75,3970.23,3965.00,3965.77,1406
2024-01-07,11:45,3968.52,3969.86,3965.36,3967.68,1407
2024-01-07,11:50,3969.24,3971.89,3967.06,3970.32,1408
2024-01-07,11:55,3969.92,3974.42,3969.42,3971.92,1409
2024-01-07,12:00,3970.56,3973.24,3968.38,3971.65,1410
2024-01-07,12:05,3971.15,3972.47,3968.00,3970.33,1411
2024-01-07,12:10,3971.69,3974.17,3968.92,3969.71,1412
2024-01-07,12:15,3972.19,3974.00,3968.86,3970.87,1413
2024-01-07,12:20,3972.63,3974.25,3970.21,3973.19,1414
2024-01-07,12:25,3973.03,3977.36,3971.96,3974.95,1415
2024-01-07,12:30,3973.38,3976.90,3971.57,3974.89,1416
2024-01-07,12:35,3973.67,3974.46,3970.91,3973.39,1417
2024-01-07,12:40,3973.92,3976.24,3970.77,3972.11,1418
2024-01-07,12:45,3974.13,3976.31,3970.86,3972.44,1419
2024-01-07,12:50,3974.28,3974.78,3971.78,3974.28,1420
2024-01-07,12:55,3974.39,3978.25,3972.81,3976.07,1421
2024-01-07,13:00,3974.45,3978.58,3973.11,3976.27,1422
2024-01-07,13:05,3974.46,3975.53,3971.98,3974.74,1423
2024-01-07,13:10,3974.43,3976.45,3971.11,3972.92,1424
2024-01-07,13:15,3974.36,3976.78,3971.38,3972.44,1425
2024-01-07,13:20,3974.25,3975.31,3971.27,3973.69,1426
2024-01-07,13:25,3974.10,3977.23,3972.09,3975.41,1427
2024-01-07,13:30,3973.91,3978.37,3973.12,3975.89,1428
2024-01-07,13:35,3973.69,3975.83,3971.36,3974.51,1429
2024-01-07,13:40,3973.43,3975.02,3970.16,3972.34,1430
2024-01-07,13:45,3973.14,3975.64,3970.63,3971.14,1431
2024-01-07,13:50,3972.82,3974.39,3969.56,3971.75,1432
2024-01-07,13:55,3972.48,3974.66,3970.16,3973.32,1433
2024-01-07,14:00,3972.11,3976.57,3971.34,3974.09,1434
2024-01-07,14:05,3971.72,3974.82,3969.70,3973.02,1435
2024-01-07,14:10,3971.31,3972.39,3968.32,3970.74,1436
2024-01-07,14:15,3970.89,3973.31,3967.92,3968.97,1437
2024-01-07,14:20,3970.46,3972.46,3967.13,3968.95,1438
2024-01-07,14:25,3970.01,3971.11,3967.53,3970.31,1439
2024-01-07,14:30,3969.56,3973.71,3968.24,3971.38,1440
2024-01-07,14:35,3969.10,3972.95,3967.51,3970.78,1441
2024-01-07,14:40,3968.65,3969.16,3966.13,3968.63,1442
2024-01-07,14:45,3968.19,3970.38,3964.93,3966.50,1443
2024-01-07,14:50,3967.74,3970.05,3964.58,3965.93,1444
2024-01-07,14:55,3967.30,3968.07,3964.55,3967.04,1445
2024-01-07,15:00,3966.87,3970.42,3965.08,3968.40,1446
2024-01-07,15:05,3966.46,3970.78,3965.37,3968.37,1447
2024-01-07,15:10,3966.06,3967.64,3963.63,3966.60,1448
2024-01-07,15:15,3965.68,3967.51,3962.36,3964.35,1449
2024-01-07,15:20,3965.32,3967.80,3962.54,3963.35,1450
2024-01-07,15:25,3964.99,3966.30,3961.86,3964.19,1451
2024-01-07,15:30,3964.69,3967.40,3962.52,3965.79,1452
2024-01-07,15:35,3964.42,3968.92,3963.89,3966.42,1453
2024-01-07,15:40,3964.18,3966.80,3961.98,3965.24,1454
2024-01-07,15:45,3963.98,3965.34,3960.81,3963.12,1455
2024-01-07,15:50,3963.81,3966.30,3961.07,3961.83,1456
2024-01-07,15:55,3963.69,3965.48,3960.37,3962.40,1457
2024-01-07,16:00,3963.60,3965.29,3961.19,3964.20,1458
2024-01-07,16:05,3963.57,3967.92,3962.53,3965.49,1459
2024-01-07,16:10,3963.57,3967.05,3961.74,3965.06,1460
2024-01-07,16:15,3963.62,3964.44,3960.83,3963.31,1461
2024-01-07,16:20,3963.72,3966.06,3960.59,3961.89,1462
2024-01-07,16:25,3963.87,3966.04,3960.60,3962.21,1463
2024-01-07,16:30,3964.07,3964.65,3961.57,3964.11,1464
2024-01-07,16:35,3964.33,3968.23,3962.78,3966.03,1465
2024-01-07,16:40,3964.63,3968.74,3963.27,3966.43,1466
2024-01-07,16:45,3964.99,3965.98,3962.50,3965.23,1467
2024-01-07,16:50,3965.40,3967.43,3962.08,3963.86,1468
2024-01-07,16:55,3965.86,3968.27,3962.85,3963.95,1469
2024-01-07,17:00,3966.38,3967.40,3963.42,3965.85,1470
2024-01-07,17:05,3966.95,3970.13,3964.96,3968.29,1471
2024-01-07,17:10,3967.57,3972.01,3966.74,3969.54,1472
2024-01-07,17:15,3968.24,3970.33,3965.91,3969.03,1473
2024-01-07,17:20,3968.97,3970.59,3965.69,3967.85,1474
2024-01-07,17:25,3969.74,3972.24,3967.20,3967.74,1475
2024-01-07,17:30,3970.57,3972.11,3967.32,3969.53,1476
2024-01-07,17:35,3971.44,3973.69,3969.14,3972.32,1477
2024-01-07,17:40,3972.36,3976.84,3971.63,3974.35,1478
2024-01-07,17:45,3973.33,3976.38,3971.29,3974.60,1479
2024-01-07,17:50,3974.34,3975.45,3971.33,3973.73,1480
2024-01-07,17:55,3975.39,3977.82,3972.44,3973.46,1481
2024-01-07,18:00,3976.48,3978.46,3973.16,3975.01,1482
2024-01-07,18:05,3977.61,3978.78,3975.14,3977.95,1483
2024-01-07,18:10,3978.78,3982.96,3977.49,3980.62,1484
2024-01-07,18:15,3979.97,3983.78,3978.35,3981.63,1485
2024-01-07,18:20,3981.20,3981.76,3978.65,3981.15,1486
2024-01-07,18:25,3982.46,3984.67,3979.21,3980.75,1487
2024-01-07,18:30,3983.74,3986.04,3980.56,3981.94,1488
2024-01-07,18:35,3985.04,3985.77,3982.33,3984.81,1489
2024-01-07,18:40,3986.37,3989.96,3984.60,3987.92,1490
2024-01-07,18:45,3987.71,3992.01,3986.59,3989.61,1491
2024-01-07,18:50,3989.06,3990.58,3986.63,3989.57,1492
2024-01-07,18:55,3990.43,3992.28,3987.10,3989.07,1493
2024-01-07,19:00,3991.80,3994.27,3988.99,3989.83,1494
2024-01-07,19:05,3993.18,3994.45,3990.06,3992.40,1495
2024-01-07,19:10,3994.56,3997.32,3992.41,3995.69,1496
2024-01-07,19:15,3995.94,4000.43,3995.37,3997.94,1497
2024-01-07,19:20,3997.31,3999.87,3995.09,3998.34,1498
2024-01-07,19:25,3998.68,4000.06,3995.50,3997.79,1499
2024-01-07,19:30,4000.03,4002.52,3997.32,3998.04,1000
2024-01-07,19:35,4001.37,4003.13,3998.06,4000.11,1001
2024-01-07,19:40,4002.70,4004.45,4000.30,4003.33,1002
2024-01-07,19:45,4004.00,4008.38,4003.01,4005.94,1003
2024-01-07,19:50,4005.29,4008.72,4003.43,4006.75,1004
2024-01-07,19:55,4006.55,4007.40,4003.73,4006.19,1005
2024-01-07,20:00,4007.78,4010.12,4004.66,4005.93,1006
2024-01-07,20:05,4008.98,4011.12,4005.70,4007.33,1007
2024-01-07,20:10,4010.15,4010.79,4007.65,4010.22,1008
2024-01-07,20:15,4011.28,4015.22,4009.76,4013.00,1009
2024-01-07,20:20,4012.37,4016.45,4010.98,4014.16,1010
2024-01-07,20:25,4013.43,4014.35,4010.94,4013.64,1011
2024-01-07,20:30,4014.45,4016.51,4011.13,4012.89,1012
2024-01-07,20:35,4015.42,4017.81,4012.39,4013.52,1013
2024-01-07,20:40,4016.35,4017.34,4013.42,4015.85,1014
2024-01-07,20:45,4017.23,4020.46,4015.27,4018.59,1015
2024-01-07,20:50,4018.06,4022.49,4017.20,4020.03,1016
2024-01-07,20:55,4018.84,4020.86,4016.49,4019.60,1017
2024-01-07,21:00,4019.58,4021.22,4016.29,4018.43,1018
2024-01-07,21:05,4020.26,4022.76,4017.68,4018.26,1019
2024-01-07,21:10,4020.89,4022.41,4017.66,4019.88,1020
2024-01-07,21:15,4021.47,4023.78,4019.19,4022.38,1021
2024-01-07,21:20,4022.00,4026.48,4021.30,4023.99,1022
2024-01-07,21:25,4022.48,4025.47,4020.41,4023.72,1023
2024-01-07,21:30,4022.90,4024.04,4019.86,4022.26,1024
2024-01-07,21:35,4023.27,4025.71,4020.35,4021.33,1025
2024-01-07,21:40,4023.59,4025.55,4020.26,4022.14,1026
2024-01-07,21:45,4023.86,4025.10,4021.39,4024.23,1027
2024-01-07,21:50,4024.08,4028.28,4022.83,4025.93,1028
2024-01-07,21:55,4024.25,4028.01,4022.59,4025.88,1029
2024-01-07,22:00,4024.37,4024.95,4021.78,4024.28,1030
2024-01-07,22:05,4024.44,4026.67,4021.20,4022.71,1031
2024-01-07,22:10,4024.47,4026.75,4021.27,4022.69,1032
2024-01-07,22:15,4024.45,4025.14,4021.76,4024.25,1033
2024-01-07,22:20,4024.39,4028.03,4022.65,4025.96,1034
2024-01-07,22:25,4024.29,4028.57,4023.14,4026.18,1035
2024-01-07,22:30,4024.15,4025.60,4021.71,4024.62,1036
2024-01-07,22:35,4023.98,4025.86,4020.65,4022.60,1037
2024-01-07,22:40,4023.77,4026.23,4020.92,4021.80,1038
2024-01-07,22:45,4023.53,4024.77,4020.43,4022.78,1039
2024-01-07,22:50,4023.25,4026.08,4021.13,4024.42,1040
2024-01-07,22:55,4022.96,4027.45,4022.36,4024.96,1041
2024-01-07,23:00,4022.64,4025.13,4020.40,4023.63,1042
2024-01-07,23:05,4022.29,4023.71,4019.10,4021.37,1043
2024-01-07,23:10,4021.93,4024.42,4019.26,4019.94,1044
2024-01-07,23:15,4021.55,4023.29,4018.25,4020.32,1045
2024-01-07,23:20,4021.16,4022.99,4018.78,4021.83,1046
2024-01-07,23:25,4020.77,4025.16,4019.80,4022.71,1047
2024-01-07,23:30,4020.36,4023.74,4018.47,4021.80,1048
2024-01-07,23:35,4019.95,4020.84,4017.10,4019.56,1049
2024-01-07,23:40,4019.54,4021.90,4016.44,4017.68,1050
2024-01-07,23:45,4019.13,4021.25,4015.84,4017.51,1051
2024-01-07,23:50,4018.72,4019.44,4016.23,4018.83,1052
2024-01-07,23:55,4018.33,4022.31,4016.84,4020.07,1053
2024-01-08,00:00,4017.94,4021.99,4016.52,4019.72,1054
2024-01-08,00:05,4017.57,4018.43,4015.08,4017.75,1055
2024-01-08,00:10,4017.22,4019.30,4013.91,4015.64,1056
2024-01-08,00:15,4016.89,4019.27,4013.83,4015.00,1057
2024-01-08,00:20,4016.58,4017.53,4013.67,4016.12,1058
2024-01-08,00:25,4016.29,4019.57,4014.35,4017.68,1059
2024-01-08,00:30,4016.03,4020.45,4015.13,4017.99,1060
2024-01-08,00:35,4015.80,4017.75,4013.44,4016.53,1061
2024-01-08,00:40,4015.61,4017.28,4012.31,4014.43,1062
2024-01-08,00:45,4015.44,4017.94,4012.83,4013.45,1063
2024-01-08,00:50,4015.32,4016.80,4012.09,4014.34,1064
2024-01-08,00:55,4015.23,4017.60,4012.96,4016.17,1065
2024-01-08,01:00,4015.19,4019.67,4014.52,4017.18,1066
2024-01-08,01:05,4015.18,4018.12,4013.09,4016.40,1067
2024-01-08,01:10,4015.22,4016.40,4012.16,4014.54,1068
2024-01-08,01:15,4015.30,4017.75,4012.41,4013.36,1069
2024-01-08,01:20,4015.44,4017.36,4012.11,4014.01,1070
2024-01-08,01:25,4015.61,4016.92,4013.15,4016.02,1071
2024-01-08,01:30,4015.84,4020.07,4014.62,4017.70,1072
2024-01-08,01:35,4016.11,4019.84,4014.43,4017.72,1073
2024-01-08,01:40,4016.44,4017.06,4013.82,4016.31,1074
2024-01-08,01:45,4016.81,4019.05,4013.59,4015.06,1075
2024-01-08,01:50,4017.23,4019.49,4014.02,4015.47,1076
2024-01-08,01:55,4017.70,4018.36,4015.05,4017.54,1077
2024-01-08,02:00,4018.22,4021.91,4016.51,4019.82,1078
2024-01-08,02:05,4018.79,4023.05,4017.61,4020.67,1079
2024-01-08,02:10,4019.41,4020.79,4016.96,4019.85,1080
2024-01-08,02:15,4020.08,4021.99,4016.75,4018.68,1081
2024-01-08,02:20,4020.79,4023.25,4017.92,4018.84,1082
2024-01-08,02:25,4021.55,4022.76,4018.47,4020.84,1083
2024-01-08,02:30,4022.36,4025.24,4020.25,4023.55,1084
2024-01-08,02:35,4023.20,4027.70,4022.57,4025.20,1085
2024-01-08,02:40,4024.09,4026.52,4021.84,4025.06,1086
2024-01-08,02:45,4025.02,4026.47,4021.81,4024.07,1087
2024-01-08,02:50,4025.99,4028.48,4023.34,4023.99,1088
2024-01-08,02:55,4026.99,4028.69,4023.69,4025.78,1089
2024-01-08,03:00,4028.02,4029.91,4025.65,4028.72,1090
2024-01-08,03:05,4029.09,4033.50,4028.16,4031.04,1091
2024-01-08,03:10,4030.19,4033.52,4028.28,4031.61,1092
2024-01-08,03:15,4031.31,4032.23,4028.43,4030.89,1093
2024-01-08,03:20,4032.46,4034.83,4029.38,4030.59,1094
2024-01-08,03:25,4033.63,4035.73,4030.33,4032.02,1095
2024-01-08,03:30,4034.81,4035.60,4032.32,4034.96,1096
2024-01-08,03:35,4036.02,4040.03,4034.56,4037.77,1097
2024-01-08,03:40,4037.23,4041.24,4035.77,4038.99,1098
2024-01-08,03:45,4038.46,4039.24,4035.96,4038.60,1099
2024-01-08,03:50,4039.69,4041.79,4036.39,4038.09,1100
2024-01-08,03:55,4040.93,4043.30,4037.85,4039.05,1101
2024-01-08,04:00,4042.16,4043.09,4039.29,4041.74,1102
2024-01-08,04:05,4043.40,4046.73,4041.49,4044.82,1103
2024-01-08,04:10,4044.63,4049.03,4043.70,4046.58,1104
2024-01-08,04:15,4045.85,4047.74,4043.47,4046.54,1105
2024-01-08,04:20,4047.06,4048.76,4043.76,4045.85,1106
2024-01-08,04:25,4048.25,4050.75,4045.61,4046.26,1107
2024-01-08,04:30,4049.43,4050.88,4046.22,4048.48,1108
2024-01-08,04:35,4050.59,4053.02,4048.34,4051.56,1109
2024-01-08,04:40,4051.72,4056.21,4051.09,4053.72,1110
2024-01-08,04:45,4052.83,4055.71,4050.72,4054.02,1111
2024-01-08,04:50,4053.91,4055.12,4050.83,4053.20,1112
2024-01-08,04:55,4054.96,4057.41,4052.09,4053.00,1113
2024-01-08,05:00,4055.97,4057.87,4052.64,4054.57,1114
2024-01-08,05:05,4056.95,4058.33,4054.50,4057.39,1115
2024-01-08,05:10,4057.89,4062.14,4056.70,4059.76,1116
2024-01-08,05:15,4058.78,4062.47,4057.07,4060.37,1117
2024-01-08,05:20,4059.64,4060.30,4056.98,4059.48,1118
2024-01-08,05:25,4060.45,4062.71,4057.24,4058.68,1119
2024-01-08,05:30,4061.21,4063.46,4057.99,4059.46,1120
2024-01-08,05:35,4061.93,4062.55,4059.31,4061.80,1121
2024-01-08,05:40,4062.59,4066.32,4060.91,4064.20,1122
2024-01-08,05:45,4063.21,4067.44,4061.99,4065.07,1123
2024-01-08,05:50,4063.77,4065.08,4061.31,4064.17,1124
2024-01-08,05:55,4064.28,4066.21,4060.95,4062.85,1125
2024-01-08,06:00,4064.73,4067.18,4061.83,4062.78,1126
2024-01-08,06:05,4065.13,4066.31,4062.07,4064.45,1127
2024-01-08,06:10,4065.48,4068.41,4063.39,4066.69,1128
2024-01-08,06:15,4065.77,4070.25,4065.10,4067.76,1129
2024-01-08,06:20,4066.00,4068.37,4063.73,4066.94,1130
2024-01-08,06:25,4066.18,4067.66,4062.96,4065.20,1131
2024-01-08,06:30,4066.30,4068.80,4063.69,4064.31,1132
2024-01-08,06:35,4066.37,4068.05,4063.08,4065.20,1133
2024-01-08,06:40,4066.39,4068.34,4064.03,4067.12,1134
2024-01-08,06:45,4066.35,4070.77,4065.46,4068.31,1135
2024-01-08,06:50,4066.26,4069.54,4064.32,4067.65,1136
2024-01-08,06:55,4066.12,4067.08,4063.22,4065.66,1137
2024-01-08,07:00,4065.93,4068.31,4062.88,4064.04,1138
2024-01-08,07:05,4065.69,4067.77,4062.38,4064.11,1139
2024-01-08,07:10,4065.40,4066.26,4062.91,4065.58,1140
2024-01-08,07:15,4065.07,4069.12,4063.65,4066.84,1141
2024-01-08,07:20,4064.70,4068.67,4063.21,4066.44,1142
2024-01-08,07:25,4064.28,4065.00,4061.79,4064.39,1143
2024-01-08,07:30,4063.83,4065.95,4060.54,4062.21,1144
2024-01-08,07:35,4063.34,4065.70,4060.24,4061.48,1145
2024-01-08,07:40,4062.82,4063.70,4059.97,4062.43,1146
2024-01-08,07:45,4062.26,4065.64,4060.37,4063.70,1147
2024-01-08,07:50,4061.67,4066.06,4060.71,4063.62,1148
2024-01-08,07:55,4061.06,4062.88,4058.67,4061.72,1149
2024-01-08,08:00,4060.43,4062.16,4057.12,4059.20,1150
2024-01-08,08:05,4059.77,4062.26,4057.09,4057.78,1151
2024-01-08,08:10,4059.10,4060.52,4055.90,4058.18,1152
2024-01-08,08:15,4058.41,4060.91,4056.18,4059.41,1153
2024-01-08,08:20,4057.71,4062.21,4057.11,4059.71,1154
2024-01-08,08:25,4057.00,4059.82,4054.87,4058.16,1155
2024-01-08,08:30,4056.29,4057.53,4053.19,4055.54,1156
2024-01-08,08:35,4055.57,4058.03,4052.73,4053.60,1157
2024-01-08,08:40,4054.85,4056.73,4051.52,4053.47,1158
2024-01-08,08:45,4054.14,4055.58,4051.69,4054.61,1159
2024-01-08,08:50,4053.43,4057.71,4052.28,4055.32,1160
2024-01-08,08:55,4052.73,4056.37,4050.99,4054.30,1161
2024-01-08,09:00,4052.04,4052.74,4049.36,4051.85,1162
2024-01-08,09:05,4051.37,4053.65,4048.18,4049.59,1163
2024-01-08,09:10,4050.72,4052.95,4047.49,4048.99,1164
2024-01-08,09:15,4050.09,4050.67,4047.50,4050.00,1165
2024-01-08,09:20,4049.48,4053.24,4047.82,4051.11,1166
2024-01-08,09:25,4048.89,4053.10,4047.64,4050.75,1167
2024-01-08,09:30,4048.34,4049.58,4045.87,4048.71,1168
2024-01-08,09:35,4047.81,4049.77,4044.48,4046.36,1169
2024-01-08,09:40,4047.32,4049.76,4044.40,4045.38,1170
2024-01-08,09:45,4046.86,4048.00,4043.82,4046.22,1171
2024-01-08,09:50,4046.44,4049.43,4044.38,4047.69,1172
2024-01-08,09:55,4046.06,4050.54,4045.35,4048.05,1173
2024-01-08,10:00,4045.71,4048.02,4043.43,4046.62,1174
2024-01-08,10:05,4045.41,4046.93,4042.18,4044.40,1175
2024-01-08,10:10,4045.16,4047.65,4042.58,4043.16,1176
2024-01-08,10:15,4044.94,4046.59,4041.66,4043.80,1177
2024-01-08,10:20,4044.77,4046.79,4042.42,4045.53,1178
2024-01-08,10:25,4044.65,4049.09,4043.79,4046.62,1179
2024-01-08,10:30,4044.58,4047.81,4042.62,4045.94,1180
2024-01-08,10:35,4044.55,4045.54,4041.62,4044.06,1181
2024-01-08,10:40,4044.57,4046.96,4041.54,4042.67,1182
2024-01-08,10:45,4044.63,4046.69,4041.32,4043.08,1183
2024-01-08,10:50,4044.75,4045.67,4042.26,4044.96,1184
2024-01-08,10:55,4044.91,4048.99,4043.52,4046.70,1185
2024-01-08,11:00,4045.12,4049.06,4043.60,4046.84,1186
2024-01-08,11:05,4045.38,4046.02,4042.88,4045.45,1187
2024-01-08,11:10,4045.68,4047.82,4042.40,4044.04,1188
2024-01-08,11:15,4046.03,4048.37,4042.91,4044.18,1189
2024-01-08,11:20,4046.42,4047.27,4043.60,4046.06,1190
2024-01-08,11:25,4046.85,4050.28,4044.99,4048.32,1191
2024-01-08,11:30,4047.32,4051.70,4046.32,4049.26,1192
2024-01-08,11:35,4047.84,4049.59,4045.44,4048.46,1193
2024-01-08,11:40,4048.39,4050.15,4045.08,4047.13,1194
2024-01-08,11:45,4048.98,4051.46,4046.27,4046.99,1195
2024-01-08,11:50,4049.60,4050.99,4046.42,4048.71,1196
2024-01-08,11:55,4050.25,4052.81,4048.04,4051.28,1197
2024-01-08,12:00,4050.93,4055.43,4050.37,4052.93,1198
2024-01-08,12:05,4051.64,4054.41,4049.49,4052.78,1199
2024-01-08,12:10,4052.38,4053.65,4049.26,4051.60,1200
2024-01-08,12:15,4053.14,4055.61,4050.32,4051.16,1201
2024-01-08,12:20,4053.91,4055.76,4050.59,4052.56,1202
2024-01-08,12:25,4054.70,4056.22,4052.27,4055.21,1203
2024-01-08,12:30,4055.51,4059.82,4054.39,4057.41,1204
2024-01-08,12:35,4056.33,4059.92,4054.56,4057.88,1205
2024-01-08,12:40,4057.15,4057.88,4054.44,4056.92,1206
2024-01-08,12:45,4057.98,4060.28,4054.81,4056.19,1207
2024-01-08,12:50,4058.82,4061.03,4055.57,4057.11,1208
2024-01-08,12:55,4059.65,4060.20,4057.10,4059.60,1209
2024-01-08,13:00,4060.48,4064.28,4058.85,4062.13,1210
2024-01-08,13:05,4061.30,4065.48,4060.01,4063.14,1211
2024-01-08,13:10,4062.11,4063.28,4059.64,4062.44,1212
2024-01-08,13:15,4062.91,4064.88,4059.58,4061.43,1213
2024-01-08,13:20,4063.69,4066.12,4060.74,4061.75,1214
2024-01-08,13:25,4064.45,4065.56,4061.43,4063.84,1215
2024-01-08,13:30,4065.19,4068.24,4063.15,4066.46,1216
2024-01-08,13:35,4065.90,4070.38,4065.16,4067.89,1217
2024-01-08,13:40,4066.59,4068.84,4064.29,4067.46,1218
2024-01-08,13:45,4067.25,4068.79,4064.00,4066.21,1219
2024-01-08,13:50,4067.87,4070.37,4065.33,4065.87,1220
2024-01-08,13:55,4068.46,4070.08,4065.19,4067.35,1221
2024-01-08,14:00,4069.01,4071.10,4066.68,4069.81,1222
2024-01-08,14:05,4069.53,4073.97,4068.70,4071.50,1223
2024-01-08,14:10,4070.00,4073.18,4068.01,4071.34,1224
2024-01-08,14:15,4070.42,4071.45,4067.47,4069.90,1225
2024-01-08,14:20,4070.80,4073.21,4067.79,4068.89,1226
2024-01-08,14:25,4071.13,4073.17,4067.82,4069.60,1227
2024-01-08,14:30,4071.42,4072.41,4068.93,4071.66,1228
2024-01-08,14:35,4071.65,4075.75,4070.28,4073.45,1229
2024-01-08,14:40,4071.83,4075.73,4070.28,4073.53,1230
2024-01-08,14:45,4071.95,4072.53,4069.46,4071.99,1231
2024-01-08,14:50,4072.03,4074.19,4068.75,4070.36,1232
2024-01-08,14:55,4072.05,4074.38,4068.91,4070.21,1233
2024-01-08,15:00,4072.01,4072.83,4069.22,4071.69,1234
2024-01-08,15:05,4071.92,4075.40,4070.08,4073.41,1235
2024-01-08,15:10,4071.77,4076.13,4070.74,4073.70,1236
2024-01-08,15:15,4071.57,4073.25,4069.16,4072.16,1237
2024-01-08,15:20,4071.31,4073.09,4067.99,4070.02,1238
2024-01-08,15:25,4070.99,4073.48,4068.25,4069.01,1239
2024-01-08,15:30,4070.62,4071.98,4067.46,4069.77,1240
2024-01-08,15:35,4070.20,4072.82,4068.00,4071.26,1241
2024-01-08,15:40,4069.72,4074.22,4069.20,4071.72,1242
2024-01-08,15:45,4069.19,4071.90,4067.02,4070.30,1243
2024-01-08,15:50,4068.61,4069.92,4065.47,4067.80,1244
2024-01-08,15:55,4067.98,4070.46,4065.20,4066.01,1245
2024-01-08,16:00,4067.30,4069.13,4063.98,4065.98,1246
2024-01-08,16:05,4066.58,4068.16,4064.15,4067.12,1247
2024-01-08,16:10,4065.81,4070.14,4064.73,4067.72,1248
2024-01-08,16:15,4065.00,4068.55,4063.20,4066.52,1249
2024-01-08,16:20,4064.14,4064.91,4061.40,4063.88,1250
2024-01-08,16:25,4063.25,4065.56,4060.09,4061.44,1251
2024-01-08,16:30,4062.33,4064.52,4059.07,4060.63,1252
2024-01-08,16:35,4061.37,4061.88,4058.85,4061.35,1253
2024-01-08,16:40,4060.37,4064.22,4058.78,4062.05,1254
2024-01-08,16:45,4059.35,4063.50,4058.04,4061.18,1255
2024-01-08,16:50,4058.31,4059.41,4055.83,4058.61,1256
2024-01-08,16:55,4057.24,4059.24,4053.92,4055.74,1257
2024-01-08,17:00,4056.15,4058.57,4053.18,4054.23,1258
2024-01-08,17:05,4055.04,4056.12,4052.05,4054.47,1259
2024-01-08,17:10,4053.92,4057.03,4051.90,4055.22,1260
2024-01-08,17:15,4052.79,4057.25,4052.02,4054.77,1261
2024-01-08,17:20,4051.65,4053.83,4049.34,4052.49,1262
2024-01-08,17:25,4050.51,4052.08,4047.25,4049.44,1263
2024-01-08,17:30,4049.36,4051.86,4046.86,4047.36,1264
2024-01-08,17:35,4048.22,4049.81,4044.95,4047.13,1265
2024-01-08,17:40,4047.08,4049.23,4044.76,4047.90,1266
2024-01-08,17:45,4045.95,4050.41,4045.16,4047.93,1267
2024-01-08,17:50,4044.83,4047.95,4042.82,4046.14,1268
2024-01-08,17:55,4043.72,4044.78,4040.74,4043.16,1269
2024-01-08,18:00,4042.62,4045.04,4039.64,4040.71,1270
2024-01-08,18:05,4041.55,4043.56,4038.23,4040.04,1271
2024-01-08,18:10,4040.50,4041.56,4038.02,4040.78,1272
2024-01-08,18:15,4039.47,4043.61,4038.14,4041.29,1273
2024-01-08,18:20,4038.47,4042.33,4036.89,4040.15,1274
2024-01-08,18:25,4037.50,4038.00,4035.00,4037.50,1275
2024-01-08,18:30,4036.56,4038.74,4033.29,4034.87,1276
2024-01-08,18:35,4035.65,4037.97,4032.50,4033.83,1277
2024-01-08,18:40,4034.78,4035.56,4032.02,4034.50,1278
2024-01-08,18:45,4033.95,4037.47,4032.14,4035.46,1279
2024-01-08,18:50,4033.15,4037.49,4032.09,4035.07,1280
2024-01-08,18:55,4032.40,4034.02,4029.98,4032.96,1281
2024-01-08,19:00,4031.69,4033.51,4028.37,4030.38,1282
2024-01-08,19:05,4031.03,4033.51,4028.26,4029.05,1283
2024-01-08,19:10,4030.41,4031.73,4027.26,4029.59,1284
2024-01-08,19:15,4029.84,4032.51,4027.66,4030.93,1285
2024-01-08,19:20,4029.31,4033.81,4028.80,4031.31,1286
2024-01-08,19:25,4028.84,4031.48,4026.65,4029.91,1287
2024-01-08,19:30,4028.41,4029.75,4025.25,4027.57,1288
2024-01-08,19:35,4028.03,4030.51,4025.27,4026.05,1289
2024-01-08,19:40,4027.70,4029.50,4024.38,4026.39,1290
2024-01-08,19:45,4027.41,4029.07,4025.00,4027.99,1291
2024-01-08,19:50,4027.18,4031.53,4026.13,4029.10,1292
2024-01-08,19:55,4026.99,4030.50,4025.17,4028.50,1293
2024-01-08,20:00,4026.86,4027.66,4024.08,4026.56,1294
2024-01-08,20:05,4026.77,4029.09,4023.62,4024.94,1295
2024-01-08,20:10,4026.72,4028.89,4023.45,4025.05,1296
2024-01-08,20:15,4026.72,4027.26,4024.22,4026.74,1297
2024-01-08,20:20,4026.76,4030.65,4025.20,4028.46,1298
2024-01-08,20:25,4026.85,4030.97,4025.50,4028.66,1299
2024-01-08,20:30,4026.98,4028.01,4024.49,4027.24,1300
2024-01-08,20:35,4027.14,4029.17,4023.82,4025.62,1301
2024-01-08,20:40,4027.35,4029.76,4024.35,4025.43,1302
2024-01-08,20:45,4027.58,4028.62,4024.62,4027.04,1303
2024-01-08,20:50,4027.85,4031.01,4025.86,4029.18,1304
2024-01-08,20:55,4028.15,4032.61,4027.35,4030.13,1305
2024-01-08,21:00,4028.48,4030.60,4026.15,4029.29,1306
2024-01-08,21:05,4028.84,4030.44,4025.57,4027.74,1307
2024-01-08,21:10,4029.22,4031.72,4026.69,4027.22,1308
2024-01-08,21:15,4029.62,4031.18,4026.36,4028.56,1309
2024-01-08,21:20,4030.04,4032.25,4027.73,4030.89,1310
2024-01-08,21:25,4030.47,4034.93,4029.71,4032.45,1311
2024-01-08,21:30,4030.91,4033.99,4028.88,4032.20,1312
2024-01-08,21:35,4031.37,4032.46,4028.36,4030.77,1313
2024-01-08,21:40,4031.83,4034.25,4028.86,4029.90,1314
2024-01-08,21:45,4032.29,4034.28,4028.96,4030.80,1315
2024-01-08,21:50,4032.75,4033.89,4030.28,4033.07,1316
2024-01-08,21:55,4033.21,4037.38,4031.91,4035.05,1317
2024-01-08,22:00,4033.67,4037.49,4032.06,4035.33,1318
2024-01-08,22:05,4034.11,4034.65,4031.58,4034.08,1319
2024-01-08,22:10,4034.55,4036.75,4031.30,4032.85,1320
2024-01-08,22:15,4034.97,4037.27,4031.80,4033.16,1321
2024-01-08,22:20,4035.37,4036.12,4032.64,4035.12,1322
2024-01-08,22:25,4035.75,4039.33,4033.97,4037.29,1323
2024-01-08,22:30,4036.11,4040.43,4035.01,4038.02,1324
2024-01-08,22:35,4036.44,4037.99,4034.01,4036.97,1325
2024-01-08,22:40,4036.75,4038.59,4033.42,4035.41,1326
2024-01-08,22:45,4037.02,4039.49,4034.22,4035.05,1327
2024-01-08,22:50,4037.26,4038.55,4034.13,4036.47,1328
2024-01-08,22:55,4037.46,4040.20,4035.30,4038.58,1329
2024-01-08,23:00,4037.63,4042.12,4037.08,4039.63,1330
2024-01-08,23:05,4037.75,4040.34,4035.54,4038.79,1331
2024-01-08,23:10,4037.83,4039.21,4034.66,4036.96,1332
2024-01-08,23:15,4037.87,4040.36,4035.15,4035.89,1333
2024-01-08,23:20,4037.86,4039.64,4034.55,4036.59,1334
2024-01-08,23:25,4037.81,4039.53,4035.40,4038.42,1335
2024-01-08,23:30,4037.71,4042.07,4036.69,4039.64,1336
2024-01-08,23:35,4037.55,4041.01,4035.71,4039.03,1337
2024-01-08,23:40,4037.35,4038.19,4034.54,4037.02,1338
2024-01-08,23:45,4037.10,4039.44,4033.97,4035.26,1339
2024-01-08,23:50,4036.79,4038.94,4033.51,4035.13,1340
2024-01-08,23:55,4036.43,4037.03,4033.93,4036.48,1341
2024-01-09,00:00,4036.01,4039.94,4034.48,4037.73,1342
2024-01-09,00:05,4035.55,4039.64,4034.17,4037.34,1343
2024-01-09,00:10,4035.03,4035.99,4032.54,4035.26,1344
2024-01-09,00:15,4034.45,4036.50,4031.14,4032.91,1345
2024-01-09,00:20,4033.83,4036.23,4030.81,4031.93,1346
2024-01-09,00:25,4033.15,4034.16,4030.21,4032.64,1347
2024-01-09,00:30,4032.42,4035.63,4030.45,4033.77,1348
2024-01-09,00:35,4031.64,4036.08,4030.80,4033.61,1349
2024-01-09,00:40,4030.81,4032.86,4028.47,4031.59,1350
2024-01-09,00:45,4029.93,4031.57,4026.65,4028.80,1351
2024-01-09,00:50,4029.01,4031.51,4026.45,4027.01,1352
2024-01-09,00:55,4028.04,4029.57,4024.80,4027.01,1353
2024-01-09,01:00,4027.03,4029.30,4024.74,4027.92,1354
2024-01-09,01:05,4025.97,4030.45,4025.25,4027.96,1355
2024-01-09,01:10,4024.88,4027.90,4022.83,4026.14,1356
2024-01-09,01:15,4023.75,4024.87,4020.72,4023.12,1357
2024-01-09,01:20,4022.58,4025.02,4019.65,4020.64,1358
2024-01-09,01:25,4021.38,4023.35,4018.05,4019.91,1359
2024-01-09,01:30,4020.15,4021.36,4017.68,4020.50,1360
2024-01-09,01:35,4018.89,4023.09,4017.63,4020.74,1361
2024-01-09,01:40,4017.61,4021.40,4015.97,4019.25,1362
2024-01-09,01:45,4016.31,4016.88,4013.74,4016.23,1363
2024-01-09,01:50,4014.98,4017.20,4011.74,4013.26,1364
2024-01-09,01:55,4013.64,4015.93,4010.46,4011.85,1365
2024-01-09,02:00,4012.29,4013.00,4009.59,4012.07,1366
2024-01-09,02:05,4010.92,4014.54,4009.17,4012.48,1367
2024-01-09,02:10,4009.55,4013.84,4008.41,4011.45,1368
2024-01-09,02:15,4008.17,4009.65,4005.73,4008.66,1369
2024-01-09,02:20,4006.79,4008.66,4003.47,4005.43,1370
2024-01-09,02:25,4005.42,4007.89,4002.59,4003.45,1371
2024-01-09,02:30,4004.05,4005.31,4000.94,4003.29,1372
2024-01-09,02:35,4002.68,4005.48,4000.55,4003.83,1373
2024-01-09,02:40,4001.33,4005.83,4000.75,4003.33,1374
2024-01-09,02:45,3999.99,4002.52,3997.77,4001.01,1375
2024-01-09,02:50,3998.67,4000.08,3995.48,3997.77,1376
2024-01-09,02:55,3997.37,3999.86,3994.68,3995.38,1377
2024-01-09,03:00,3996.09,3997.84,3992.78,3994.84,1378
2024-01-09,03:05,3994.84,3996.62,3992.44,3995.48,1379
2024-01-09,03:10,3993.61,3997.99,3992.63,3995.55,1380
2024-01-09,03:15,3992.41,3995.82,3990.54,3993.87,1381
2024-01-09,03:20,3991.25,3992.12,3988.42,3990.88,1382
2024-01-09,03:25,3990.12,3992.48,3987.02,3988.27,1383
2024-01-09,03:30,3989.03,3991.17,3985.75,3987.40,1384
2024-01-09,03:35,3987.98,3988.66,3985.49,3988.07,1385
2024-01-09,03:40,3986.98,3990.93,3985.47,3988.70,1386
2024-01-09,03:45,3986.01,3990.07,3984.60,3987.79,1387
2024-01-09,03:50,3985.09,3985.98,3982.60,3985.28,1388
2024-01-09,03:55,3984.21,3986.28,3980.91,3982.64,1389
2024-01-09,04:00,3983.39,3985.78,3980.35,3981.50,1390
2024-01-09,04:05,3982.61,3983.58,3979.69,3982.14,1391
2024-01-09,04:10,3981.88,3985.14,3979.94,3983.26,1392
2024-01-09,04:15,3981.21,3985.63,3980.33,3983.17,1393
2024-01-09,04:20,3980.58,3982.57,3978.22,3981.32,1394
2024-01-09,04:25,3980.01,3981.67,3976.72,3978.85,1395
2024-01-09,04:30,3979.49,3981.98,3976.89,3977.49,1396
2024-01-09,04:35,3979.02,3980.51,3975.79,3978.02,1397
2024-01-09,04:40,3978.60,3980.94,3976.32,3979.52,1398
2024-01-09,04:45,3978.23,3982.72,3977.55,3980.23,1399
2024-01-09,04:50,3977.92,3980.88,3975.85,3979.15,1400
2024-01-09,04:55,3977.66,3978.82,3974.61,3977.00,1401
2024-01-09,05:00,3977.45,3979.89,3974.54,3975.50,1402
2024-01-09,05:05,3977.28,3979.22,3973.95,3975.84,1403
2024-01-09,05:10,3977.17,3978.44,3974.71,3977.56,1404
2024-01-09,05:15,3977.10,3981.32,3975.87,3978.96,1405
2024-01-09,05:20,3977.08,3980.82,3975.41,3978.70,1406
2024-01-09,05:25,3977.10,3977.70,3974.49,3976.99,1407
2024-01-09,05:30,3977.16,3979.40,3973.93,3975.42,1408
2024-01-09,05:35,3977.26,3979.54,3974.06,3975.49,1409
2024-01-09,05:40,3977.41,3978.08,3974.74,3977.23,1410
2024-01-09,05:45,3977.58,3981.25,3975.86,3979.16,1411
2024-01-09,05:50,3977.79,3982.06,3976.63,3979.68,1412
2024-01-09,05:55,3978.04,3979.45,3975.59,3978.49,1413
2024-01-09,06:00,3978.31,3980.20,3974.98,3976.92,1414
2024-01-09,06:05,3978.61,3981.07,3975.75,3976.65,1415
2024-01-09,06:10,3978.93,3980.15,3975.84,3978.20,1416
2024-01-09,06:15,3979.27,3982.12,3977.15,3980.45,1417
2024-01-09,06:20,3979.63,3984.12,3979.01,3981.63,1418
2024-01-09,06:25,3980.01,3982.47,3977.76,3980.99,1419
2024-01-09,06:30,3980.39,3981.83,3977.19,3979.46,1420
2024-01-09,06:35,3980.79,3983.28,3978.13,3978.80,1421
2024-01-09,06:40,3981.19,3982.91,3977.89,3979.98,1422
2024-01-09,06:45,3981.60,3983.45,3979.22,3982.28,1423
2024-01-09,06:50,3982.01,3986.40,3981.06,3983.96,1424
2024-01-09,06:55,3982.41,3985.77,3980.51,3983.84,1425
2024-01-09,07:00,3982.81,3983.71,3979.95,3982.40,1426
2024-01-09,07:05,3983.20,3985.56,3980.11,3981.33,1427
2024-01-09,07:10,3983.58,3985.69,3980.28,3981.96,1428
2024-01-09,07:15,3983.94,3984.69,3981.44,3984.06,1429
2024-01-09,07:20,3984.28,3988.28,3982.81,3986.03,1430
2024-01-09,07:25,3984.61,3988.64,3983.17,3986.37,1431
2024-01-09,07:30,3984.91,3985.73,3982.42,3985.07,1432
2024-01-09,07:35,3985.19,3987.28,3981.89,3983.60,1433
2024-01-09,07:40,3985.44,3987.82,3982.37,3983.56,1434
2024-01-09,07:45,3985.66,3986.60,3982.77,3985.22,1435
2024-01-09,07:50,3985.84,3989.15,3983.92,3987.25,1436
2024-01-09,07:55,3985.99,3990.41,3985.08,3987.95,1437
2024-01-09,08:00,3986.11,3988.03,3983.74,3986.82,1438
2024-01-09,08:05,3986.18,3987.87,3982.89,3984.99,1439
2024-01-09,08:10,3986.22,3988.71,3983.59,3984.22,1440
2024-01-09,08:15,3986.21,3987.68,3982.99,3985.24,1441
2024-01-09,08:20,3986.16,3988.56,3983.90,3987.11,1442
2024-01-09,08:25,3986.06,3990.55,3985.41,3988.05,1443
2024-01-09,08:30,3985.92,3988.82,3983.82,3987.12,1444
2024-01-09,08:35,3985.72,3986.92,3982.66,3985.03,1445
2024-01-09,08:40,3985.49,3987.94,3982.60,3983.53,1446
2024-01-09,08:45,3985.20,3987.11,3981.87,3983.78,1447
2024-01-09,08:50,3984.86,3986.20,3982.41,3985.28,1448
2024-01-09,08:55,3984.47,3988.72,3983.27,3986.35,1449
2024-01-09,09:00,3984.04,3987.74,3982.34,3985.64,1450
2024-01-09,09:05,3983.55,3984.19,3980.91,3983.41,1451
2024-01-09,09:10,3983.01,3985.27,3979.80,3981.26,1452
2024-01-09,09:15,3982.43,3984.68,3979.21,3980.67,1453
2024-01-09,09:20,3981.80,3982.44,3979.16,3981.65,1454
2024-01-09,09:25,3981.11,3984.82,3979.42,3982.72,1455
2024-01-09,09:30,3980.39,3984.63,3979.18,3982.26,1456
2024-01-09,09:35,3979.61,3980.96,3977.16,3980.03,1457
2024-01-09,09:40,3978.80,3980.71,3975.47,3977.38,1458
2024-01-09,09:45,3977.93,3980.39,3975.05,3975.98,1459
2024-01-09,09:50,3977.03,3978.22,3973.96,3976.34,1460
2024-01-09,09:55,3976.09,3979.00,3973.99,3977.29,1461
2024-01-09,10:00,3975.11,3979.60,3974.46,3977.10,1462
2024-01-09,10:05,3974.10,3976.50,3971.84,3975.05,1463
2024-01-09,10:10,3973.05,3974.51,3969.83,3972.08,1464
2024-01-09,10:15,3971.97,3974.46,3969.34,3969.97,1465
2024-01-09,10:20,3970.86,3972.55,3967.56,3969.67,1466
2024-01-09,10:25,3969.72,3971.64,3967.35,3970.43,1467
2024-01-09,10:30,3968.56,3972.98,3967.65,3970.52,1468
2024-01-09,10:35,3967.38,3970.69,3965.46,3968.79,1469
2024-01-09,10:40,3966.19,3967.12,3963.29,3965.75,1470
2024-01-09,10:45,3964.97,3967.35,3961.91,3963.09,1471
2024-01-09,10:50,3963.75,3965.84,3960.44,3962.15,1472
2024-01-09,10:55,3962.51,3963.33,3960.02,3962.67,1473
2024-01-09,11:00,3961.27,3965.29,3959.82,3963.03,1474
2024-01-09,11:05,3960.02,3964.01,3958.55,3961.77,1475
2024-01-09,11:10,3958.78,3959.52,3956.28,3958.90,1476
2024-01-09,11:15,3957.53,3959.65,3954.24,3955.92,1477
2024-01-09,11:20,3956.29,3958.66,3953.21,3954.43,1478
2024-01-09,11:25,3955.07,3955.97,3952.20,3954.66,1479
2024-01-09,11:30,3953.85,3957.21,3951.95,3955.28,1480
2024-01-09,11:35,3952.65,3957.05,3951.70,3954.60,1481
2024-01-09,11:40,3951.46,3953.32,3949.08,3952.14,1482
2024-01-09,11:45,3950.30,3952.02,3946.99,3949.08,1483
2024-01-09,11:50,3949.16,3951.65,3946.50,3947.17,1484
2024-01-09,11:55,3948.05,3949.48,3944.84,3947.11,1485
2024-01-09,12:00,3946.96,3949.43,3944.72,3947.94,1486
2024-01-09,12:05,3945.91,3950.40,3945.29,3947.91,1487
2024-01-09,12:10,3944.89,3947.74,3942.77,3946.07,1488
2024-01-09,12:15,3943.91,3945.14,3940.82,3943.18,1489
2024-01-09,12:20,3942.97,3945.43,3940.11,3941.01,1490
2024-01-09,12:25,3942.07,3943.96,3938.74,3940.67,1491
2024-01-09,12:30,3941.21,3942.62,3938.76,3941.66,1492
2024-01-09,12:35,3940.39,3944.66,3939.23,3942.28,1493
2024-01-09,12:40,3939.63,3943.29,3937.90,3941.21,1494
2024-01-09,12:45,3938.91,3939.59,3936.24,3938.73,1495
2024-01-09,12:50,3938.24,3940.51,3935.04,3936.47,1496
2024-01-09,12:55,3937.62,3939.86,3934.40,3935.89,1497
2024-01-09,13:00,3937.06,3937.67,3934.46,3936.95,1498
2024-01-09,13:05,3936.55,3940.30,3934.88,3938.17,1499
